-- Einfügen in die Tabelle authority
INSERT INTO authority (id, name)
VALUES ('779f50c3-a1f5-4d12-9643-32139c14d2ec', 'CAN_PLACE_ORDER'),
       ('a661a689-f48e-46b7-b29a-48bd0823da23', 'CAN_RETRIEVE_PURCHASE_HISTORY'),
       ('fcf0114b-88af-4920-8db0-11f50d4e6c0b', 'CAN_RETRIEVE_PRODUCTS');

-- Einfügen in die Tabelle level
INSERT INTO level (id, name, discount_rate, count_to_upgrade)
VALUES ('686bb227-87b1-43e8-8665-8c2a6e22b25d', 'BRONZE', 0.00, 0),
       ('1d9298ba-588d-47f8-9413-6c55cebdbe78', 'SILVER', 0.04, 20),
       ('4539a4b8-2b16-4dc4-beac-e35b50a5ff46', 'GOLD', 0.07, 60),
       ('73ad8349-fb9d-4571-964e-be1a490093d0', 'PLATINUM', 0.09, 140),
       ('4dab8c9a-9f1f-4c87-b6d4-350e1eca0289', 'DIAMOND', 0.11, 300);

ALTER TABLE level
    ADD CONSTRAINT valid_enum_constraint CHECK (name IN ('BRONZE', 'SILVER', 'GOLD', 'PLATINUM', 'DIAMOND'));

-- Einfügen in die Tabelle role
INSERT INTO role (id, name)
VALUES ('164ca30f-9104-4e5a-b871-b4df6444708f', 'CLIENT'),
       ('f4b3b8a8-c23f-4ab3-830e-a519f478c3c3', 'ADMIN');

ALTER TABLE role
    ADD CONSTRAINT valid_enum_constraint CHECK (name IN ('CLIENT', 'ADMIN'));

INSERT INTO country (id, name)
VALUES ('dbb69f5d-fd87-4691-b359-10a5c77f3046', 'China'),
       ('93707351-f75d-4720-8d77-3baea34ca7e6', 'Taiwan'),
       ('ad4aa73c-fed1-47eb-b9fa-65033444c64d', 'Japan');

-- Einfügen in die Tabelle product
INSERT INTO product (id, name, purchase_price, harvest_date, country_id, sale_price)
VALUES ('123e4567-e89b-12d3-a456-426614174001', 'Snowflake', 10.99, '2023-01-01',
        'dbb69f5d-fd87-4691-b359-10a5c77f3046', 15),
       ('223e4567-e89b-12d3-a456-426614174002', 'Mistral', 12.99, '2023-02-15', '93707351-f75d-4720-8d77-3baea34ca7e6',
        18),
       ('323e4567-e89b-12d3-a456-426614174003', 'Emerald Dew', 8.99, '2023-03-20',
        'ad4aa73c-fed1-47eb-b9fa-65033444c64d', 12),
       ('423e4567-e89b-12d3-a456-426614174004', 'Dragons Roast', 11.99, '2023-04-10',
        'dbb69f5d-fd87-4691-b359-10a5c77f3046', 16),
       ('523e4567-e89b-12d3-a456-426614174005', 'Silk Sunset', 15.99, '2023-05-05',
        '93707351-f75d-4720-8d77-3baea34ca7e6', 22),
       ('623e4567-e89b-12d3-a456-426614174006', 'Moonlit Jasmine', 13.99, '2023-06-30',
        'ad4aa73c-fed1-47eb-b9fa-65033444c64d', 19),
       ('723e4567-e89b-12d3-a456-426614174007', 'Ebony Elixir', 9.99, '2023-07-15',
        'dbb69f5d-fd87-4691-b359-10a5c77f3046', 14),
       ('823e4567-e89b-12d3-a456-426614174008', 'Golden Horizon', 14.99, '2023-08-25',
        '93707351-f75d-4720-8d77-3baea34ca7e6', 21),
       ('923e4567-e89b-12d3-a456-426614174009', 'Healing Herb Blend', 18.99, '2023-09-10',
        'ad4aa73c-fed1-47eb-b9fa-65033444c64d', 25),
       ('a23e4567-e89b-12d3-a456-426614174010', 'Eternal Blossom', 20.99, '2023-10-05',
        'dbb69f5d-fd87-4691-b359-10a5c77f3046', 29);


-- Einfügen in die Tabelle category
INSERT INTO category (id, name)
VALUES ('562ef1c8-57a3-447a-93cf-d5f03012a330', 'White'),
       ('f0ded9c3-d2c2-4c1c-b806-1a4947b4f759', 'Green'),
       ('774f8953-abc4-4274-87f1-d8fa5b5edb56', 'Oolong'),
       ('22674f3e-7e77-4884-b157-57a80f11e412', 'Black'),
       ('81ede6ba-419d-4c48-90fe-8682982c8182', 'Medicinal Herbs');


INSERT INTO plz (plz, ort) VALUES
(1000, 'Lausanne'),
(1003, 'Lausanne'),
(1004, 'Lausanne'),
(1005, 'Lausanne'),
(1006, 'Lac Léman (VD)'),
(1007, 'Lausanne'),
(1008, 'Jouxtens-Mézery, Prilly'),
(1009, 'Pully'),
(1010, 'Lausanne'),
(1011, 'Lausanne'),
(1012, 'Lausanne'),
(1015, 'Lac Léman (VD)'),
(1018, 'Lausanne'),
(1020, 'Renens (VD)'),
(1022, 'Chavannes-prčs-Renens'),
(1023, 'Crissier'),
(1024, 'Ecublens (VD)'),
(1025, 'Saint-Sulpice (VD)'),
(1026, 'Denges, Echandens'),
(1027, 'Lonay'),
(1028, 'Préverenges'),
(1029, 'Villars-Sainte-Croix'),
(1030, 'Bussigny'),
(1031, 'Mex (VD)'),
(1032, 'Romanel-sur-Lausanne'),
(1033, 'Cheseaux-sur-Lausanne'),
(1034, 'Boussens'),
(1035, 'Bournens'),
(1036, 'Sullens'),
(1037, 'Etagničres'),
(1038, 'Bercher'),
(1040, 'Echallens, Saint-Barthélemy (VD), Villars-le-Terroir'),
(1041, 'Bottens, Montilliez, Jorat-Menthue, Poliez-Pittet'),
(1042, 'Assens, Bettens, Bioley-Orjulaz'),
(1043, 'Montilliez'),
(1044, 'Fey'),
(1045, 'Ogens'),
(1046, 'Rueyres'),
(1047, 'Oppens'),
(1052, 'Le Mont-sur-Lausanne'),
(1053, 'Bretigny-sur-Morrens, Cugy (VD)'),
(1054, 'Morrens (VD)'),
(1055, 'Froideville'),
(1058, 'Jorat-Menthue'),
(1059, 'Jorat-Menthue'),
(1061, 'Jorat-Menthue'),
(1062, 'Jorat-Menthue'),
(1063, 'Boulens, Montanaire'),
(1066, 'Epalinges'),
(1068, 'Pully'),
(1070, 'Puidoux'),
(1071, 'Chexbres, Rivaz, Saint-Saphorin (Lavaux)'),
(1072, 'Forel (Lavaux)'),
(1073, 'Savigny'),
(1076, 'Jorat-Mézičres'),
(1077, 'Servion'),
(1078, 'Essertes'),
(1080, 'Servion'),
(1081, 'Montpreveyres'),
(1082, 'Corcelles-le-Jorat'),
(1083, 'Jorat-Mézičres'),
(1084, 'Jorat-Mézičres'),
(1085, 'Vulliens'),
(1088, 'Ropraz'),
(1090, 'Lutry'),
(1091, 'Bourg-en-Lavaux'),
(1092, 'Belmont-sur-Lausanne'),
(1093, 'Lutry'),
(1094, 'Paudex'),
(1095, 'Lutry'),
(1096, 'Bourg-en-Lavaux'),
(1097, 'Bourg-en-Lavaux'),
(1098, 'Bourg-en-Lavaux'),
(1110, 'Morges'),
(1112, 'Echichens'),
(1113, 'Echichens'),
(1114, 'Echichens'),
(1115, 'Vullierens'),
(1116, 'Cottens (VD)'),
(1117, 'Grancy'),
(1121, 'Bremblens'),
(1122, 'Romanel-sur-Morges'),
(1123, 'Aclens'),
(1124, 'Gollion'),
(1125, 'Echichens'),
(1126, 'Vaux-sur-Morges'),
(1127, 'Clarmont'),
(1128, 'Reverolle'),
(1131, 'Tolochenaz'),
(1132, 'Lully (VD)'),
(1134, 'Chigny, Vufflens-le-Château'),
(1135, 'Denens'),
(1136, 'Bussy-Chardonney'),
(1141, 'Sévery'),
(1142, 'Pampigny'),
(1143, 'Apples'),
(1144, 'Ballens'),
(1145, 'Bičre'),
(1146, 'Mollens (VD)'),
(1147, 'Montricher'),
(1148, 'Chavannes-le-Veyron, Cuarnens, L''Isle, La Praz, Mauraz, Moiry, Mont-la-Ville'),
(1149, 'Berolle'),
(1162, 'Saint-Prex'),
(1163, 'Etoy'),
(1164, 'Buchillon'),
(1165, 'Allaman'),
(1166, 'Perroy'),
(1167, 'Lussy-sur-Morges'),
(1168, 'Villars-sous-Yens'),
(1169, 'Yens'),
(1170, 'Aubonne'),
(1172, 'Bougy-Villars'),
(1173, 'Féchy'),
(1174, 'Montherod, Aubonne'),
(1175, 'Lavigny'),
(1176, 'Saint-Livres'),
(1180, 'Rolle, Tartegnin'),
(1182, 'Gilly'),
(1183, 'Bursins'),
(1184, 'Luins, Vinzel'),
(1185, 'Mont-sur-Rolle'),
(1186, 'Essertines-sur-Rolle'),
(1187, 'Saint-Oyens'),
(1188, 'Gimel, Saint-George'),
(1189, 'Saubraz'),
(1195, 'Bursinel, Dully'),
(1196, 'Gland'),
(1197, 'Prangins'),
(1201, 'Genčve'),
(1202, 'Genčve'),
(1203, 'Genčve'),
(1204, 'Genčve'),
(1205, 'Genčve'),
(1206, 'Genčve'),
(1207, 'Genčve'),
(1208, 'Genčve'),
(1209, 'Genčve'),
(1212, 'Lancy'),
(1213, 'Onex, Lancy'),
(1214, 'Vernier'),
(1215, 'Le Grand-Saconnex'),
(1216, 'Meyrin'),
(1217, 'Meyrin'),
(1218, 'Le Grand-Saconnex'),
(1219, 'Vernier'),
(1220, 'Vernier'),
(1222, 'Collonge-Bellerive'),
(1223, 'Cologny'),
(1224, 'Chęne-Bougeries, Thônex'),
(1225, 'Chęne-Bourg'),
(1226, 'Thônex'),
(1227, 'Carouge (GE), Genčve'),
(1228, 'Plan-les-Ouates'),
(1231, 'Chęne-Bougeries'),
(1232, 'Confignon'),
(1233, 'Bernex'),
(1234, 'Veyrier'),
(1236, 'Cartigny'),
(1237, 'Avully'),
(1239, 'Collex-Bossy'),
(1241, 'Puplinge'),
(1242, 'Satigny'),
(1243, 'Presinge'),
(1244, 'Choulex'),
(1245, 'Collonge-Bellerive'),
(1246, 'Corsier (GE)'),
(1247, 'Aničres'),
(1248, 'Hermance'),
(1251, 'Gy'),
(1252, 'Meinier'),
(1253, 'Vandoeuvres'),
(1254, 'Jussy'),
(1255, 'Veyrier'),
(1256, 'Troinex'),
(1257, 'Bardonnex'),
(1258, 'Perly-Certoux'),
(1260, 'Nyon'),
(1261, 'Le Vaud, Longirod, Marchissy'),
(1262, 'Eysins'),
(1263, 'Crassier'),
(1264, 'Saint-Cergue'),
(1265, 'Saint-Cergue'),
(1266, 'Duillier'),
(1267, 'Coinsins, Vich'),
(1268, 'Begnins, Burtigny'),
(1269, 'Bassins'),
(1270, 'Trélex'),
(1271, 'Givrins'),
(1272, 'Genolier'),
(1273, 'Arzier-Le Muids'),
(1274, 'Grens, Signy-Avenex'),
(1275, 'Chéserex'),
(1276, 'Gingins'),
(1277, 'Arnex-sur-Nyon, Borex'),
(1278, 'La Rippe'),
(1279, 'Bogis-Bossey, Chavannes-de-Bogis'),
(1281, 'Russin'),
(1283, 'Dardagny'),
(1284, 'Chancy'),
(1285, 'Avusy'),
(1286, 'Soral'),
(1287, 'Laconnex'),
(1288, 'Aire-la-Ville'),
(1290, 'Chavannes-des-Bois, Versoix'),
(1291, 'Commugny'),
(1292, 'Pregny-Chambésy'),
(1293, 'Bellevue'),
(1294, 'Genthod'),
(1295, 'Mies, Tannay'),
(1296, 'Coppet'),
(1297, 'Founex'),
(1298, 'Céligny'),
(1299, 'Crans-prčs-Céligny'),
(1302, 'Vufflens-la-Ville'),
(1303, 'Penthaz'),
(1304, 'Cossonay, Dizy, Senarclens'),
(1305, 'Penthalaz'),
(1306, 'Daillens'),
(1307, 'Lussery-Villars'),
(1308, 'La Chaux (Cossonay)'),
(1312, 'Eclépens'),
(1313, 'Ferreyres'),
(1315, 'La Sarraz'),
(1316, 'Chevilly'),
(1317, 'Orny'),
(1318, 'Pompaples'),
(1321, 'Arnex-sur-Orbe'),
(1322, 'Croy'),
(1323, 'Romainmôtier-Envy'),
(1324, 'Premier'),
(1325, 'Vaulion'),
(1326, 'Juriens'),
(1329, 'Bretonničres'),
(1337, 'Vallorbe'),
(1338, 'Ballaigues'),
(1341, 'Le Chenit'),
(1342, 'L''Abbaye'),
(1343, 'Le Lieu'),
(1344, 'L''Abbaye'),
(1345, 'Le Lieu'),
(1346, 'L''Abbaye'),
(1347, 'Le Chenit'),
(1348, 'Le Chenit'),
(1350, 'Orbe'),
(1352, 'Agiez'),
(1353, 'Bofflens'),
(1354, 'Montcherand'),
(1355, 'L''Abergement, Sergey'),
(1356, 'Les Clées'),
(1357, 'Lignerolle'),
(1358, 'Valeyres-sous-Rances'),
(1372, 'Bavois'),
(1373, 'Chavornay'),
(1374, 'Corcelles-sur-Chavornay'),
(1375, 'Penthéréaz'),
(1376, 'Goumoëns'),
(1377, 'Oulens-sous-Echallens'),
(1400, 'Cheseaux-Noréaz, Yverdon-les-Bains'),
(1404, 'Cuarny, Villars-Epeney'),
(1405, 'Pomy'),
(1406, 'Cronay'),
(1407, 'Bioley-Magnoux, Donneloye'),
(1408, 'Donneloye'),
(1409, 'Montanaire'),
(1410, 'Montanaire, Prévondavaux'),
(1412, 'Ursins, Valeyres-sous-Ursins'),
(1413, 'Orzens'),
(1415, 'Démoret, Molondin'),
(1416, 'Pailly'),
(1417, 'Essertines-sur-Yverdon'),
(1418, 'Vuarrens'),
(1420, 'Fiez'),
(1421, 'Fontaines-sur-Grandson, Grandevent'),
(1422, 'Grandson'),
(1423, 'Tévenon'),
(1424, 'Champagne'),
(1425, 'Onnens (VD)'),
(1426, 'Concise, Corcelles-prčs-Concise'),
(1427, 'Bonvillars'),
(1428, 'Mutrux, Provence'),
(1429, 'Giez'),
(1430, 'Orges'),
(1431, 'Novalles, Vugelles-La Mothe'),
(1432, 'Belmont-sur-Yverdon, Yverdon-les-Bains'),
(1433, 'Suchy'),
(1434, 'Ependes (VD)'),
(1435, 'Essert-Pittet'),
(1436, 'Chamblon, Treycovagnes'),
(1437, 'Suscévaz'),
(1438, 'Mathod'),
(1439, 'Rances'),
(1441, 'Valeyres-sous-Montagny'),
(1442, 'Montagny-prčs-Yverdon'),
(1443, 'Champvent'),
(1445, 'Vuiteboeuf'),
(1446, 'Baulmes'),
(1450, 'Sainte-Croix'),
(1452, 'Bullet'),
(1453, 'Bullet, Mauborget'),
(1454, 'Sainte-Croix'),
(1462, 'Yvonand'),
(1463, 'Rovray'),
(1464, 'Chavannes-le-Chęne, Chęne-Pâquier'),
(1468, 'Cheyres'),
(1470, 'Lully (FR), Estavayer-le-Lac'),
(1473, 'Châtillon (FR), Estavayer-le-Lac'),
(1474, 'Châbles'),
(1475, 'Vernay'),
(1482, 'Cugy (FR)'),
(1483, 'Les Montets, Cugy (FR)'),
(1484, 'Les Montets'),
(1485, 'Nuvilly'),
(1486, 'Vuissens'),
(1489, 'Murist'),
(1509, 'Vucherens'),
(1510, 'Moudon, Syens'),
(1512, 'Chavannes-sur-Moudon'),
(1513, 'Hermenches, Rossenges'),
(1514, 'Bussy-sur-Moudon'),
(1515, 'Montanaire, Villars-le-Comte'),
(1521, 'Curtilles'),
(1522, 'Lucens'),
(1523, 'Valbroye'),
(1524, 'Valbroye'),
(1525, 'Henniez, Valbroye'),
(1526, 'Cremin, Forel-sur-Lucens'),
(1527, 'Villeneuve (FR)'),
(1528, 'Surpierre'),
(1529, 'Cheiry'),
(1530, 'Payerne'),
(1532, 'Fétigny'),
(1533, 'Méničres'),
(1534, 'Cheiry, Valbroye'),
(1535, 'Valbroye'),
(1536, 'Valbroye'),
(1537, 'Champtauroz'),
(1538, 'Treytorrens (Payerne)'),
(1541, 'Bussy (FR), Morens (FR), Sévaz'),
(1542, 'Rueyres-les-Prés'),
(1543, 'Grandcour'),
(1544, 'Gletterens'),
(1545, 'Chevroux'),
(1551, 'Payerne'),
(1552, 'Trey'),
(1553, 'Châtonnaye'),
(1554, 'Villarzel'),
(1555, 'Villarzel'),
(1562, 'Corcelles-prčs-Payerne'),
(1563, 'Belmont-Broye'),
(1564, 'Belmont-Broye'),
(1565, 'Missy, Vallon'),
(1566, 'Saint-Aubin (FR)'),
(1567, 'Delley-Portalban'),
(1568, 'Delley-Portalban'),
(1580, 'Avenches'),
(1583, 'Villarepos'),
(1584, 'Vully-les-Lacs'),
(1585, 'Vully-les-Lacs'),
(1586, 'Vully-les-Lacs'),
(1587, 'Vully-les-Lacs'),
(1588, 'Cudrefin'),
(1589, 'Vully-les-Lacs'),
(1595, 'Clavaleyres, Faoug'),
(1607, 'Oron'),
(1608, 'Oron, Chapelle (Glâne)'),
(1609, 'Saint-Martin (FR)'),
(1610, 'Oron'),
(1611, 'La Verrerie'),
(1612, 'Oron'),
(1613, 'Maracon'),
(1614, 'Granges (Veveyse)'),
(1615, 'Bossonnens'),
(1616, 'Attalens'),
(1617, 'Remaufens, Attalens'),
(1618, 'Châtel-Saint-Denis'),
(1619, 'Châtel-Saint-Denis'),
(1623, 'Semsales'),
(1624, 'La Verrerie, Semsales'),
(1625, 'Sâles'),
(1626, 'Sâles'),
(1627, 'Vaulruz'),
(1628, 'Vuadens'),
(1630, 'Bulle'),
(1632, 'Riaz'),
(1633, 'Marsens'),
(1634, 'La Roche'),
(1635, 'Bulle'),
(1636, 'Broc'),
(1637, 'Val-de-Charmey'),
(1638, 'Morlon'),
(1642, 'Sorens'),
(1643, 'Pont-en-Ogoz'),
(1644, 'Pont-en-Ogoz'),
(1645, 'Pont-en-Ogoz'),
(1646, 'Echarlens'),
(1647, 'Corbičres'),
(1648, 'Hauteville'),
(1649, 'Pont-la-Ville'),
(1651, 'Corbičres'),
(1652, 'Botterens'),
(1653, 'Châtel-sur-Montsalvens, Crésuz'),
(1654, 'Val-de-Charmey'),
(1656, 'Jaun'),
(1657, 'Saanen'),
(1658, 'Rossiničre'),
(1659, 'Rougemont'),
(1660, 'Château-d''Oex'),
(1661, 'Le Pâquier (FR)'),
(1663, 'Gruyčres'),
(1665, 'Bas-Intyamon'),
(1666, 'Grandvillard, Bas-Intyamon'),
(1667, 'Bas-Intyamon'),
(1669, 'Haut-Intyamon'),
(1670, 'Ursy'),
(1673, 'Auboranges, Ecublens (FR), Rue'),
(1674, 'Montet (Glâne), Ursy'),
(1675, 'Rue, Ursy'),
(1676, 'Siviriez'),
(1677, 'Siviriez'),
(1678, 'Siviriez'),
(1679, 'Siviriez'),
(1680, 'Mézičres (FR), Romont (FR)'),
(1681, 'Billens-Hennens'),
(1682, 'Valbroye, Dompierre (VD), Lovatens, Prévonloup'),
(1683, 'Brenles, Chesalles-sur-Moudon, Sarzens'),
(1684, 'Mézičres (FR)'),
(1685, 'Vuisternens-devant-Romont'),
(1686, 'Grangettes, Vuisternens-devant-Romont'),
(1687, 'Vuisternens-devant-Romont'),
(1688, 'Vuisternens-devant-Romont'),
(1689, 'Le Châtelard'),
(1690, 'La Folliaz, Villaz-Saint-Pierre'),
(1691, 'La Folliaz'),
(1692, 'Massonnens'),
(1694, 'Villorsonnens'),
(1695, 'Gibloux'),
(1696, 'Gibloux'),
(1697, 'Vuisternens-devant-Romont'),
(1699, 'Le Flon'),
(1700, 'Fribourg'),
(1712, 'Tafers'),
(1713, 'St. Antoni'),
(1714, 'Heitenried'),
(1715, 'Alterswil'),
(1716, 'Oberschrot, Plaffeien'),
(1717, 'St. Ursen'),
(1718, 'Rechthalten'),
(1719, 'Brünisried, Zumholz'),
(1720, 'Chésopelloz, Corminboeuf'),
(1721, 'Misery-Courtion'),
(1722, 'Fribourg'),
(1723, 'Marly, Pierrafortscha, Villarsel-sur-Marly'),
(1724, 'Le Mouret, Ferpicloz, Senčdes'),
(1725, 'Hauterive (FR)'),
(1726, 'Gibloux'),
(1727, 'Gibloux'),
(1728, 'Gibloux'),
(1730, 'Hauterive (FR)'),
(1731, 'Ependes (FR)'),
(1732, 'Arconciel'),
(1733, 'Treyvaux'),
(1734, 'Tentlingen'),
(1735, 'Giffers'),
(1736, 'St. Silvester'),
(1737, 'Plasselb'),
(1738, 'Guggisberg'),
(1740, 'Neyruz (FR)'),
(1741, 'Cottens (FR)'),
(1742, 'Autigny'),
(1744, 'Chénens'),
(1745, 'La Brillaz'),
(1746, 'Prez-vers-Noréaz'),
(1747, 'Corserey'),
(1748, 'Torny'),
(1749, 'Torny'),
(1752, 'Villars-sur-Glâne'),
(1753, 'Matran'),
(1754, 'Avry'),
(1756, 'La Brillaz'),
(1757, 'Noréaz'),
(1762, 'Givisiez'),
(1763, 'Granges-Paccot'),
(1772, 'Grolley, Ponthaux'),
(1773, 'Belmont-Broye'),
(1774, 'Montagny (FR)'),
(1775, 'Montagny (FR)'),
(1776, 'Montagny (FR)'),
(1782, 'Belfaux, La Sonnaz'),
(1783, 'Barberęche'),
(1784, 'Courtepin, Wallenried'),
(1785, 'Cressier (FR)'),
(1786, 'Mont-Vully'),
(1787, 'Mont-Vully, Vully-les-Lacs'),
(1788, 'Mont-Vully'),
(1789, 'Mont-Vully'),
(1791, 'Courtepin'),
(1792, 'Gurmels'),
(1793, 'Murten'),
(1794, 'Murten'),
(1795, 'Murten'),
(1796, 'Courgevaux'),
(1797, 'Münchenwiler'),
(1800, 'Vevey'),
(1801, 'Chardonne'),
(1802, 'Corseaux'),
(1803, 'Chardonne'),
(1804, 'Corsier-sur-Vevey'),
(1805, 'Jongny'),
(1806, 'Saint-Légier-La Chiésaz'),
(1807, 'Blonay'),
(1808, 'Corsier-sur-Vevey'),
(1809, 'Corsier-sur-Vevey'),
(1814, 'La Tour-de-Peilz'),
(1815, 'Montreux'),
(1816, 'Montreux'),
(1817, 'Montreux'),
(1820, 'Montreux, Veytaux'),
(1822, 'Montreux'),
(1823, 'Montreux'),
(1824, 'Montreux'),
(1832, 'Montreux'),
(1833, 'Montreux'),
(1844, 'Villeneuve (VD)'),
(1845, 'Noville'),
(1846, 'Chessel'),
(1847, 'Rennaz'),
(1852, 'Roche (VD)'),
(1853, 'Yvorne'),
(1854, 'Leysin'),
(1856, 'Corbeyrier'),
(1860, 'Aigle'),
(1862, 'Ormont-Dessous'),
(1863, 'Ormont-Dessous'),
(1864, 'Ormont-Dessus'),
(1865, 'Ormont-Dessus'),
(1866, 'Ormont-Dessous'),
(1867, 'Ollon'),
(1868, 'Collombey-Muraz'),
(1869, 'Massongex'),
(1870, 'Monthey'),
(1871, 'Monthey'),
(1872, 'Troistorrents'),
(1873, 'Val-d''Illiez'),
(1874, 'Champéry'),
(1875, 'Troistorrents'),
(1880, 'Bex'),
(1882, 'Gryon'),
(1884, 'Ollon'),
(1885, 'Ollon'),
(1890, 'Saint-Maurice'),
(1891, 'Vérossaz'),
(1892, 'Lavey-Morcles'),
(1893, 'Collombey-Muraz'),
(1895, 'Vionnaz'),
(1896, 'Vouvry'),
(1897, 'Port-Valais'),
(1898, 'Saint-Gingolph'),
(1899, 'Vionnaz'),
(1902, 'Evionnaz'),
(1903, 'Collonges'),
(1904, 'Vernayaz'),
(1905, 'Dorénaz'),
(1906, 'Charrat'),
(1907, 'Saxon'),
(1908, 'Riddes'),
(1911, 'Chamoson, Leytron'),
(1912, 'Leytron'),
(1913, 'Saillon'),
(1914, 'Riddes, Isérables'),
(1918, 'Riddes'),
(1920, 'Martigny'),
(1921, 'Martigny-Combe'),
(1922, 'Salvan'),
(1923, 'Salvan'),
(1925, 'Finhaut'),
(1926, 'Fully'),
(1927, 'Vollčges'),
(1928, 'Martigny-Combe'),
(1929, 'Trient'),
(1932, 'Bovernier'),
(1933, 'Sembrancher, Vollčges'),
(1934, 'Bagnes'),
(1936, 'Bagnes'),
(1937, 'Orsičres'),
(1938, 'Orsičres'),
(1941, 'Vollčges'),
(1942, 'Vollčges'),
(1943, 'Orsičres'),
(1944, 'Orsičres'),
(1945, 'Liddes'),
(1946, 'Bourg-Saint-Pierre'),
(1947, 'Bagnes'),
(1948, 'Bagnes'),
(1950, 'Sion'),
(1955, 'Chamoson'),
(1957, 'Ardon'),
(1958, 'Saint-Léonard, Sion'),
(1961, 'Mont-Noble'),
(1962, 'Sion'),
(1963, 'Vétroz'),
(1964, 'Conthey'),
(1965, 'Savičse'),
(1966, 'Ayent'),
(1967, 'Sion'),
(1968, 'Mont-Noble'),
(1969, 'Saint-Martin (VS)'),
(1971, 'Grimisuat'),
(1972, 'Ayent'),
(1973, 'Mont-Noble'),
(1974, 'Arbaz'),
(1975, 'Conthey'),
(1976, 'Conthey'),
(1977, 'Icogne'),
(1978, 'Lens'),
(1981, 'Vex'),
(1982, 'Hérémence'),
(1983, 'Evolčne'),
(1984, 'Evolčne'),
(1985, 'Evolčne'),
(1986, 'Evolčne'),
(1987, 'Hérémence'),
(1988, 'Vex'),
(1991, 'Sion'),
(1992, 'Les Agettes'),
(1993, 'Nendaz, Veysonnaz'),
(1994, 'Nendaz'),
(1996, 'Nendaz'),
(1997, 'Nendaz'),
(2000, 'Neuchâtel'),
(2012, 'Milvignes'),
(2013, 'Milvignes'),
(2014, 'Milvignes'),
(2015, 'Boudry'),
(2016, 'Cortaillod'),
(2017, 'Boudry'),
(2019, 'Rochefort'),
(2022, 'Bevaix'),
(2023, 'Gorgier'),
(2024, 'Saint-Aubin-Sauges'),
(2025, 'Gorgier'),
(2027, 'Fresens, Montalchez'),
(2028, 'Vaumarcus'),
(2034, 'Peseux'),
(2035, 'Corcelles-Cormondrčche'),
(2036, 'Corcelles-Cormondrčche'),
(2037, 'Rochefort, Val-de-Ruz'),
(2042, 'Valangin'),
(2043, 'Val-de-Ruz'),
(2046, 'Val-de-Ruz'),
(2052, 'Val-de-Ruz'),
(2053, 'Val-de-Ruz'),
(2054, 'Val-de-Ruz'),
(2056, 'Val-de-Ruz'),
(2057, 'Val-de-Ruz'),
(2058, 'Val-de-Ruz'),
(2063, 'Val-de-Ruz'),
(2065, 'Val-de-Ruz'),
(2067, 'Neuchâtel'),
(2068, 'Hauterive (NE)'),
(2072, 'Saint-Blaise'),
(2073, 'Enges'),
(2074, 'La Tčne'),
(2075, 'La Tčne'),
(2087, 'Cornaux'),
(2088, 'Cressier (NE)'),
(2103, 'Val-de-Travers'),
(2105, 'Val-de-Travers'),
(2108, 'Val-de-Travers'),
(2112, 'Val-de-Travers'),
(2113, 'Val-de-Travers'),
(2114, 'Val-de-Travers'),
(2115, 'Val-de-Travers'),
(2116, 'Val-de-Travers'),
(2117, 'La Côte-aux-Fées'),
(2123, 'Val-de-Travers'),
(2124, 'Val-de-Travers'),
(2126, 'Les Verričres'),
(2127, 'Val-de-Travers'),
(2149, 'Rochefort'),
(2206, 'Val-de-Ruz'),
(2207, 'Val-de-Ruz'),
(2208, 'Val-de-Ruz'),
(2300, 'La Chaux-de-Fonds'),
(2314, 'La Sagne'),
(2316, 'Les Ponts-de-Martel'),
(2318, 'Brot-Plamboz'),
(2322, 'La Chaux-de-Fonds'),
(2325, 'Les Planchettes'),
(2333, 'La Ferričre'),
(2336, 'Les Bois'),
(2338, 'Muriaux'),
(2340, 'Le Noirmont'),
(2345, 'La Chaux-des-Breuleux, Saint-Imier, Les Breuleux'),
(2350, 'Saignelégier'),
(2353, 'Saignelégier'),
(2354, 'Saignelégier'),
(2360, 'Le Bémont (JU)'),
(2362, 'Montfaucon'),
(2363, 'Les Enfers'),
(2364, 'Saint-Brais'),
(2400, ', Le Locle'),
(2405, 'La Chaux-du-Milieu'),
(2406, 'La Brévine'),
(2414, 'Le Cerneux-Péquignot'),
(2416, 'Les Brenets'),
(2502, 'Biel/Bienne'),
(2503, 'Biel/Bienne'),
(2504, 'Biel/Bienne'),
(2505, 'Biel/Bienne'),
(2512, 'Twann-Tüscherz'),
(2513, 'Twann-Tüscherz'),
(2514, 'Ligerz'),
(2515, 'Plateau de Diesse'),
(2516, 'Plateau de Diesse'),
(2517, 'Plateau de Diesse'),
(2518, 'Nods'),
(2520, 'La Neuveville'),
(2523, 'Ligničres'),
(2525, 'Le Landeron'),
(2532, 'Evilard'),
(2533, 'Evilard'),
(2534, 'Orvin'),
(2535, 'Sauge'),
(2536, 'Sauge'),
(2537, 'Sauge'),
(2538, 'Romont (BE)'),
(2540, 'Grenchen'),
(2542, 'Pieterlen'),
(2543, 'Lengnau (BE)'),
(2544, 'Bettlach'),
(2545, 'Selzach'),
(2552, 'Orpund'),
(2553, 'Safnern'),
(2554, 'Meinisberg'),
(2555, 'Brügg'),
(2556, 'Scheuren, Schwadernau'),
(2557, 'Studen (BE)'),
(2558, 'Aegerten'),
(2560, 'Nidau'),
(2562, 'Port'),
(2563, 'Ipsach'),
(2564, 'Bellmund'),
(2565, 'Jens'),
(2572, 'Mörigen, Sutz-Lattrigen'),
(2575, 'Täuffelen, Hagneck'),
(2576, 'Lüscherz'),
(2577, 'Finsterhennen, Siselen'),
(2603, 'Péry-La Heutte'),
(2604, 'Péry-La Heutte'),
(2605, 'Sonceboz-Sombeval'),
(2606, 'Corgémont'),
(2607, 'Cortébert'),
(2608, 'Courtelary, Cortébert'),
(2610, 'Saint-Imier, Cormoret'),
(2612, 'Cormoret'),
(2613, 'Villeret'),
(2615, 'Sonvilier'),
(2616, 'Renan (BE)'),
(2710, 'Tavannes'),
(2712, 'Saicourt'),
(2713, 'Saicourt'),
(2714, 'Les Genevez (JU)'),
(2715, 'Petit-Val'),
(2716, 'Petit-Val'),
(2717, 'Petit-Val, Rebévelier'),
(2718, 'Lajoux (JU)'),
(2720, 'Tavannes, Tramelan'),
(2722, 'Tramelan'),
(2723, 'Mont-Tramelan'),
(2732, 'Loveresse, Reconvilier, Saicourt, Saules (BE)'),
(2733, 'Valbirse'),
(2735, 'Valbirse, Champoz'),
(2736, 'Sorvilier'),
(2738, 'Court'),
(2740, 'Moutier'),
(2742, 'Perrefitte'),
(2743, 'Eschert'),
(2744, 'Belprahon'),
(2745, 'Grandval'),
(2746, 'Crémines'),
(2747, 'Corcelles (BE), Seehof'),
(2748, 'Petit-Val'),
(2762, 'Roches (BE)'),
(2800, 'Delémont'),
(2802, 'Develier'),
(2803, 'Bourrignon'),
(2805, 'Soyhičres'),
(2806, 'Mettembert'),
(2807, 'Pleigne'),
(2812, 'Movelier'),
(2813, 'Ederswiler'),
(2814, 'Roggenburg'),
(2822, 'Courroux'),
(2823, 'Courroux'),
(2824, 'Val Terbi'),
(2825, 'Courchapoix'),
(2826, 'Corban'),
(2827, 'Mervelier, Schelten'),
(2828, 'Val Terbi'),
(2829, 'Val Terbi'),
(2830, 'Courrendlin, Vellerat'),
(2832, 'Rebeuvelier'),
(2842, 'Rossemaison'),
(2843, 'Châtillon (JU)'),
(2852, 'Courtételle'),
(2853, 'Haute-Sorne'),
(2854, 'Haute-Sorne'),
(2855, 'Haute-Sorne'),
(2856, 'Boécourt'),
(2857, 'Boécourt'),
(2863, 'Haute-Sorne'),
(2864, 'Haute-Sorne'),
(2873, 'Saulcy'),
(2882, 'Clos du Doubs, Saint-Brais'),
(2883, 'Clos du Doubs'),
(2884, 'Clos du Doubs'),
(2885, 'Clos du Doubs'),
(2886, 'Clos du Doubs'),
(2887, 'Soubey'),
(2888, 'Clos du Doubs'),
(2889, 'Clos du Doubs'),
(2900, 'Porrentruy'),
(2902, 'Fontenais'),
(2903, 'Fontenais'),
(2904, 'Fontenais'),
(2905, 'Courtedoux'),
(2906, 'Haute-Ajoie'),
(2907, 'Rocourt'),
(2908, 'Grandfontaine'),
(2912, 'Haute-Ajoie'),
(2914, 'Haute-Ajoie'),
(2915, 'Bure'),
(2916, 'Fahy'),
(2922, 'Courchavon'),
(2923, 'Basse-Allaine'),
(2924, 'Basse-Allaine'),
(2925, 'Basse-Allaine'),
(2926, 'Boncourt'),
(2932, 'Coeuve'),
(2933, 'Damphreux, Lugnez'),
(2935, 'Beurnevésin'),
(2942, 'Alle'),
(2943, 'Vendlincourt'),
(2944, 'Bonfol'),
(2946, 'La Baroche'),
(2947, 'La Baroche'),
(2950, 'Courgenay'),
(2952, 'Cornol'),
(2953, 'La Baroche'),
(2954, 'La Baroche'),
(3004, 'Bern'),
(3005, 'Bern'),
(3006, 'Bern'),
(3007, 'Bern'),
(3008, 'Bern'),
(3010, 'Bern'),
(3011, 'Bern'),
(3012, 'Bern'),
(3013, 'Bern'),
(3014, 'Bern'),
(3015, 'Bern'),
(3018, 'Bern'),
(3019, 'Bern'),
(3020, 'Bern'),
(3027, 'Bern'),
(3032, 'Wohlen bei Bern'),
(3033, 'Wohlen bei Bern'),
(3034, 'Wohlen bei Bern'),
(3035, 'Seedorf (BE)'),
(3036, 'Radelfingen'),
(3037, 'Kirchlindach'),
(3038, 'Kirchlindach'),
(3042, 'Meikirch'),
(3043, 'Wohlen bei Bern'),
(3044, 'Wohlen bei Bern'),
(3045, 'Meikirch'),
(3046, 'Meikirch'),
(3047, 'Bremgarten bei Bern'),
(3048, 'Ittigen'),
(3049, 'Wohlen bei Bern'),
(3052, 'Zollikofen'),
(3053, 'Deisswil bei Münchenbuchsee, Diemerswil, Rapperswil (BE), Münchenbuchsee, Wiggiswil'),
(3054, 'Schüpfen'),
(3063, 'Ittigen'),
(3065, 'Bolligen'),
(3066, 'Stettlen'),
(3067, 'Vechigen'),
(3068, 'Vechigen'),
(3072, 'Ostermundigen'),
(3073, 'Muri bei Bern'),
(3074, 'Muri bei Bern'),
(3075, 'Worb'),
(3076, 'Worb'),
(3077, 'Worb'),
(3078, 'Worb'),
(3082, 'Schlosswil'),
(3083, 'Münsingen'),
(3084, 'Köniz'),
(3086, 'Wald (BE)'),
(3087, 'Niedermuhlern'),
(3088, 'Rüeggisberg'),
(3089, 'Rüeggisberg'),
(3095, 'Köniz'),
(3096, 'Oberbalm'),
(3097, 'Köniz'),
(3098, 'Köniz'),
(3099, 'Riggisberg'),
(3110, 'Münsingen'),
(3111, 'Tägertschi'),
(3112, 'Allmendingen'),
(3113, 'Rubigen'),
(3114, 'Wichtrach'),
(3115, 'Gerzensee'),
(3116, 'Kirchdorf (BE), Mühledorf (BE), Noflen'),
(3122, 'Kehrsatz'),
(3123, 'Belp'),
(3124, 'Belp'),
(3125, 'Toffen'),
(3126, 'Gelterfingen, Kaufdorf'),
(3127, 'Lohnstorf, Mühlethurnen'),
(3128, 'Kirchenthurnen, Rümligen'),
(3132, 'Riggisberg'),
(3144, 'Köniz'),
(3145, 'Köniz'),
(3147, 'Köniz'),
(3148, 'Schwarzenburg'),
(3150, 'Schwarzenburg'),
(3152, 'Schwarzenburg'),
(3153, 'Rüschegg'),
(3154, 'Rüschegg'),
(3155, 'Rüeggisberg'),
(3156, 'Guggisberg'),
(3157, 'Schwarzenburg'),
(3158, 'Guggisberg'),
(3159, 'Guggisberg'),
(3172, 'Köniz'),
(3173, 'Köniz'),
(3174, 'Köniz'),
(3175, 'Wünnewil-Flamatt'),
(3176, 'Neuenegg'),
(3177, 'Laupen'),
(3178, 'Bösingen'),
(3179, 'Kriechenwil'),
(3182, 'Ueberstorf'),
(3183, 'Schwarzenburg'),
(3184, 'Wünnewil-Flamatt'),
(3185, 'Schmitten (FR)'),
(3186, 'Düdingen'),
(3202, 'Frauenkappelen'),
(3203, 'Mühleberg'),
(3204, 'Mühleberg'),
(3205, 'Mühleberg'),
(3206, 'Ferenbalm, Gurmels'),
(3207, 'Golaten, Wileroltigen'),
(3208, 'Gurbrü'),
(3210, 'Kerzers'),
(3212, 'Gurmels'),
(3213, 'Kleinbösingen, Gurmels'),
(3214, 'Ulmiz'),
(3215, 'Murten, Gempenach'),
(3216, 'Ried bei Kerzers'),
(3225, 'Müntschemier'),
(3226, 'Treiten'),
(3232, 'Ins'),
(3233, 'Tschugg'),
(3234, 'Vinelz'),
(3235, 'Erlach'),
(3236, 'Gampelen'),
(3237, 'Brüttelen'),
(3238, 'Gals'),
(3250, 'Lyss'),
(3251, 'Rapperswil (BE), Wengi'),
(3252, 'Worben'),
(3253, 'Schnottwil'),
(3254, 'Messen'),
(3255, 'Rapperswil (BE)'),
(3256, 'Rapperswil (BE)'),
(3257, 'Grossaffoltern'),
(3262, 'Grossaffoltern'),
(3263, 'Büetigen'),
(3264, 'Diessbach bei Büren'),
(3266, 'Seedorf (BE)'),
(3267, 'Seedorf (BE)'),
(3268, 'Seedorf (BE)'),
(3270, 'Aarberg'),
(3271, 'Radelfingen'),
(3272, 'Epsach, Walperswil'),
(3273, 'Kappelen'),
(3274, 'Bühl, Hermrigen, Merzligen'),
(3280, 'Greng, Meyriez, Murten'),
(3282, 'Bargen (BE)'),
(3283, 'Kallnach'),
(3284, 'Fräschels'),
(3285, 'Galmiz'),
(3286, 'Muntelier'),
(3292, 'Lyss'),
(3293, 'Dotzigen'),
(3294, 'Büren an der Aare, Meienried'),
(3295, 'Rüti bei Büren'),
(3296, 'Arch'),
(3297, 'Leuzigen'),
(3298, 'Oberwil bei Büren'),
(3302, 'Moosseedorf'),
(3303, 'Jegenstorf, Zuzwil (BE)'),
(3305, 'Iffwil, Jegenstorf'),
(3306, 'Fraubrunnen'),
(3307, 'Messen'),
(3308, 'Fraubrunnen'),
(3309, 'Kernenried, Fraubrunnen'),
(3312, 'Fraubrunnen'),
(3313, 'Fraubrunnen'),
(3314, 'Fraubrunnen'),
(3315, 'Bätterkinden'),
(3317, 'Fraubrunnen'),
(3322, 'Mattstetten, Urtenen-Schönbühl'),
(3323, 'Bäriswil'),
(3324, 'Hindelbank, Mötschwil'),
(3325, 'Krauchthal'),
(3326, 'Krauchthal'),
(3360, 'Herzogenbuchsee'),
(3362, 'Niederönz'),
(3363, 'Herzogenbuchsee'),
(3365, 'Seeberg'),
(3366, 'Bettenhausen'),
(3367, 'Ochlenberg, Thörigen'),
(3368, 'Bleienbach'),
(3372, 'Heimenhausen'),
(3373, 'Heimenhausen'),
(3374, 'Wangenried'),
(3375, 'Inkwil'),
(3376, 'Berken, Graben'),
(3377, 'Walliswil bei Wangen'),
(3380, 'Walliswil bei Niederbipp, Wangen an der Aare'),
(3400, 'Burgdorf'),
(3412, 'Heimiswil'),
(3413, 'Heimiswil'),
(3414, 'Oberburg'),
(3415, 'Hasle bei Burgdorf, Rüegsau'),
(3416, 'Affoltern im Emmental'),
(3417, 'Rüegsau'),
(3418, 'Rüegsau'),
(3419, 'Hasle bei Burgdorf'),
(3421, 'Lyssach, Oberburg, Rüti bei Lyssach'),
(3422, 'Rüdtligen-Alchenflüh, Kirchberg (BE)'),
(3423, 'Ersigen'),
(3424, 'Ersigen'),
(3425, 'Koppigen, Willadingen'),
(3426, 'Aefligen'),
(3427, 'Utzenstorf'),
(3428, 'Wiler bei Utzenstorf'),
(3429, 'Hellsau, Höchstetten'),
(3432, 'Lützelflüh'),
(3433, 'Rüderswil'),
(3434, 'Landiswil'),
(3435, 'Lützelflüh'),
(3436, 'Rüderswil'),
(3437, 'Rüderswil'),
(3438, 'Lauperswil'),
(3439, 'Lützelflüh'),
(3452, 'Lützelflüh'),
(3453, 'Trachselwald'),
(3454, 'Sumiswald'),
(3455, 'Sumiswald'),
(3456, 'Trachselwald'),
(3457, 'Sumiswald'),
(3462, 'Affoltern im Emmental'),
(3463, 'Affoltern im Emmental'),
(3464, 'Walterswil (BE)'),
(3465, 'Dürrenroth'),
(3472, 'Rumendingen, Wynigen'),
(3473, 'Alchenstorf'),
(3474, 'Wynigen'),
(3475, 'Seeberg'),
(3476, 'Ochlenberg'),
(3503, 'Konolfingen'),
(3504, 'Niederhünigen, Oberhünigen'),
(3506, 'Grosshöchstetten'),
(3507, 'Biglen'),
(3508, 'Arni (BE)'),
(3510, 'Freimettigen, Häutligen, Konolfingen'),
(3512, 'Walkringen'),
(3513, 'Walkringen'),
(3531, 'Oberthal'),
(3532, 'Mirchel, Zäziwil'),
(3533, 'Bowil'),
(3534, 'Signau'),
(3535, 'Signau'),
(3536, 'Eggiwil'),
(3537, 'Eggiwil'),
(3538, 'Röthenbach im Emmental'),
(3543, 'Lauperswil'),
(3550, 'Langnau im Emmental'),
(3551, 'Langnau im Emmental'),
(3552, 'Langnau im Emmental'),
(3553, 'Langnau im Emmental'),
(3555, 'Trubschachen'),
(3556, 'Trub'),
(3557, 'Trub'),
(3600, 'Thun'),
(3603, 'Thun'),
(3604, 'Thun'),
(3608, 'Thun'),
(3612, 'Steffisburg'),
(3613, 'Steffisburg'),
(3614, 'Unterlangenegg'),
(3615, 'Buchholterberg'),
(3616, 'Unterlangenegg'),
(3617, 'Fahrni'),
(3618, 'Röthenbach im Emmental'),
(3619, 'Eriz'),
(3622, 'Homberg'),
(3623, 'Horrenbach-Buchen, Teuffenthal (BE)'),
(3624, 'Thun, Schwendibach'),
(3625, 'Heiligenschwendi'),
(3626, 'Hilterfingen'),
(3627, 'Heimberg'),
(3628, 'Uttigen'),
(3629, 'Jaberg, Kiesen, Oppligen'),
(3631, 'Stocken-Höfen'),
(3632, 'Stocken-Höfen'),
(3633, 'Amsoldingen'),
(3634, 'Thierachern'),
(3635, 'Uebeschi'),
(3636, 'Forst-Längenbühl'),
(3638, 'Blumenstein, Pohlern'),
(3645, 'Spiez, Zwieselberg'),
(3646, 'Spiez'),
(3647, 'Reutigen'),
(3652, 'Hilterfingen'),
(3653, 'Oberhofen am Thunersee'),
(3654, 'Sigriswil'),
(3655, 'Sigriswil'),
(3656, 'Sigriswil'),
(3657, 'Sigriswil'),
(3658, 'Sigriswil'),
(3661, 'Uetendorf'),
(3662, 'Seftigen'),
(3663, 'Gurzelen'),
(3664, 'Burgistein'),
(3665, 'Wattenwil'),
(3671, 'Brenzikofen, Herbligen'),
(3672, 'Oberdiessbach'),
(3673, 'Linden'),
(3674, 'Oberdiessbach'),
(3700, 'Spiez'),
(3702, 'Spiez'),
(3703, 'Aeschi bei Spiez'),
(3704, 'Krattigen'),
(3705, 'Spiez'),
(3706, 'Leissigen'),
(3707, 'Därligen'),
(3711, 'Aeschi bei Spiez, Reichenbach im Kandertal'),
(3713, 'Reichenbach im Kandertal'),
(3714, 'Frutigen, Reichenbach im Kandertal'),
(3715, 'Adelboden'),
(3716, 'Kandergrund'),
(3717, 'Kandergrund'),
(3718, 'Kandersteg'),
(3722, 'Reichenbach im Kandertal'),
(3723, 'Reichenbach im Kandertal'),
(3724, 'Frutigen'),
(3725, 'Frutigen'),
(3752, 'Wimmis'),
(3753, 'Diemtigen'),
(3754, 'Diemtigen'),
(3755, 'Diemtigen'),
(3756, 'Diemtigen'),
(3757, 'Diemtigen'),
(3758, 'Erlenbach im Simmental'),
(3762, 'Erlenbach im Simmental'),
(3763, 'Därstetten'),
(3764, 'Därstetten'),
(3765, 'Oberwil im Simmental'),
(3766, 'Boltigen'),
(3770, 'Zweisimmen'),
(3771, 'Zweisimmen'),
(3772, 'St. Stephan'),
(3773, 'St. Stephan'),
(3775, 'Lenk'),
(3776, 'Zweisimmen'),
(3777, 'Saanen'),
(3778, 'Saanen'),
(3780, 'Saanen'),
(3781, 'Saanen'),
(3782, 'Lauenen'),
(3783, 'Saanen'),
(3784, 'Gsteig'),
(3785, 'Gsteig'),
(3792, 'Saanen'),
(3800, 'Gündlischwand, Interlaken, Matten bei Interlaken, Beatenberg, Unterseen'),
(3801, 'Fieschertal'),
(3803, 'Beatenberg'),
(3804, 'Habkern'),
(3805, 'Ringgenberg (BE)'),
(3806, 'Bönigen'),
(3807, 'Iseltwald'),
(3812, 'Wilderswil'),
(3813, 'Saxeten'),
(3814, 'Gsteigwiler'),
(3815, 'Gündlischwand'),
(3816, 'Grindelwald, Lütschental'),
(3818, 'Grindelwald'),
(3822, 'Lauterbrunnen'),
(3823, 'Lauterbrunnen'),
(3824, 'Lauterbrunnen'),
(3825, 'Lauterbrunnen'),
(3826, 'Lauterbrunnen'),
(3852, 'Ringgenberg (BE)'),
(3853, 'Niederried bei Interlaken'),
(3854, 'Oberried am Brienzersee'),
(3855, 'Brienz (BE), Schwanden bei Brienz'),
(3856, 'Brienzwiler'),
(3857, 'Meiringen'),
(3858, 'Hofstetten bei Brienz'),
(3860, 'Meiringen, Schattenhalb'),
(3862, 'Innertkirchen'),
(3863, 'Innertkirchen'),
(3864, 'Guttannen'),
(3900, 'Brig-Glis'),
(3901, 'Ried-Brig'),
(3902, 'Brig-Glis'),
(3903, 'Naters'),
(3904, 'Naters'),
(3905, 'Saas-Almagell'),
(3906, 'Saas-Fee'),
(3907, 'Simplon, Zwischbergen'),
(3908, 'Saas-Balen'),
(3910, 'Saas-Grund'),
(3911, 'Ried-Brig'),
(3912, 'Termen'),
(3913, 'Termen'),
(3914, 'Naters'),
(3916, 'Ferden'),
(3917, 'Ferden, Kippel'),
(3918, 'Wiler (Lötschen)'),
(3919, 'Blatten'),
(3920, 'Zermatt'),
(3922, 'Eisten, Embd, Stalden (VS)'),
(3923, 'Törbel'),
(3924, 'St. Niklaus'),
(3925, 'Grächen'),
(3926, 'Embd'),
(3927, 'St. Niklaus'),
(3928, 'Randa'),
(3929, 'Täsch'),
(3930, 'Visp'),
(3931, 'Lalden'),
(3932, 'Visperterminen'),
(3933, 'Staldenried'),
(3934, 'Zeneggen'),
(3935, 'Bürchen'),
(3937, 'Baltschieder'),
(3938, 'Ausserberg'),
(3939, 'Eggerberg'),
(3940, 'Steg-Hohtenn'),
(3942, 'Niedergesteln, Raron'),
(3943, 'Eischoll'),
(3944, 'Unterbäch'),
(3945, 'Gampel-Bratsch'),
(3946, 'Turtmann-Unterems'),
(3947, 'Ergisch'),
(3948, 'Oberems, Turtmann-Unterems'),
(3949, 'Steg-Hohtenn'),
(3951, 'Agarn'),
(3952, 'Leuk'),
(3953, 'Inden, Leuk, Varen'),
(3954, 'Leukerbad'),
(3955, 'Albinen'),
(3956, 'Guttet-Feschel'),
(3957, 'Gampel-Bratsch, Leuk'),
(3960, 'Montana, Randogne, Sierre, Anniviers'),
(3961, 'Anniviers'),
(3963, 'Mollens (VS), Montana'),
(3965, 'Chippis'),
(3966, 'Chalais'),
(3967, 'Chalais'),
(3968, 'Veyras'),
(3970, 'Salgesch'),
(3971, 'Chermignon'),
(3972, 'Mičge'),
(3973, 'Venthône'),
(3974, 'Mollens (VS)'),
(3975, 'Randogne'),
(3976, 'Chermignon, Sierre'),
(3977, 'Sierre'),
(3978, 'Lens'),
(3979, 'Grône'),
(3982, 'Bitsch'),
(3983, 'Bister, Mörel-Filet, Riederalp'),
(3984, 'Bellwald, Fiesch, Fieschertal'),
(3985, 'Münster-Geschinen'),
(3986, 'Riederalp'),
(3987, 'Riederalp'),
(3988, 'Obergoms'),
(3989, 'Grafschaft, Blitzingen, Niederwald'),
(3991, 'Bettmeralp'),
(3992, 'Bettmeralp'),
(3993, 'Grengiols'),
(3994, 'Lax, Bettmeralp'),
(3995, 'Ernen'),
(3996, 'Binn'),
(3997, 'Bellwald'),
(3998, 'Reckingen-Gluringen'),
(3999, 'Obergoms'),
(4001, 'Basel'),
(4051, 'Basel'),
(4052, 'Basel'),
(4053, 'Basel'),
(4054, 'Basel'),
(4055, 'Basel'),
(4056, 'Basel'),
(4057, 'Basel'),
(4058, 'Basel'),
(4059, 'Basel'),
(4101, 'Binningen'),
(4102, 'Binningen'),
(4103, 'Bottmingen'),
(4104, 'Oberwil (BL)'),
(4105, 'Biel-Benken'),
(4106, 'Therwil'),
(4107, 'Ettingen'),
(4108, 'Witterswil'),
(4112, 'Bättwil, Hofstetten-Flüh'),
(4114, 'Hofstetten-Flüh'),
(4115, 'Metzerlen-Mariastein'),
(4116, 'Metzerlen-Mariastein'),
(4117, 'Burg im Leimental'),
(4118, 'Rodersdorf'),
(4123, 'Allschwil'),
(4124, 'Schönenbuch'),
(4125, 'Riehen'),
(4126, 'Bettingen'),
(4127, 'Birsfelden'),
(4132, 'Muttenz'),
(4133, 'Pratteln'),
(4142, 'Münchenstein'),
(4143, 'Dornach'),
(4144, 'Arlesheim'),
(4145, 'Gempen'),
(4146, 'Hochwald'),
(4147, 'Aesch (BL)'),
(4148, 'Pfeffingen'),
(4153, 'Reinach (BL)'),
(4202, 'Duggingen'),
(4203, 'Grellingen'),
(4204, 'Himmelried'),
(4206, 'Seewen'),
(4207, 'Bretzwil'),
(4208, 'Nunningen'),
(4222, 'Zwingen'),
(4223, 'Blauen'),
(4224, 'Nenzlingen'),
(4225, 'Brislach'),
(4226, 'Breitenbach'),
(4227, 'Büsserach'),
(4228, 'Erschwil'),
(4229, 'Beinwil (SO)'),
(4232, 'Fehren'),
(4233, 'Meltingen'),
(4234, 'Zullwil'),
(4242, 'Laufen'),
(4243, 'Dittingen'),
(4244, 'Röschenz'),
(4245, 'Kleinlützel'),
(4246, 'Wahlen'),
(4247, 'Grindel'),
(4252, 'Bärschwil'),
(4253, 'Liesberg'),
(4254, 'Liesberg'),
(4302, 'Augst'),
(4303, 'Kaiseraugst'),
(4304, 'Giebenach'),
(4305, 'Olsberg'),
(4310, 'Rheinfelden'),
(4312, 'Magden'),
(4313, 'Möhlin'),
(4314, 'Zeiningen'),
(4315, 'Zuzgen'),
(4316, 'Hellikon'),
(4317, 'Wegenstetten'),
(4322, 'Mumpf'),
(4323, 'Wallbach'),
(4324, 'Obermumpf'),
(4325, 'Schupfart'),
(4332, 'Stein (AG)'),
(4333, 'Münchwilen (AG)'),
(4334, 'Sisseln'),
(4402, 'Frenkendorf'),
(4410, 'Liestal'),
(4411, 'Seltisberg'),
(4412, 'Nuglar-St. Pantaleon'),
(4413, 'Büren (SO)'),
(4414, 'Füllinsdorf'),
(4415, 'Lausen'),
(4416, 'Bubendorf'),
(4417, 'Ziefen'),
(4418, 'Reigoldswil'),
(4419, 'Lupsingen'),
(4421, 'Nuglar-St. Pantaleon'),
(4422, 'Arisdorf'),
(4423, 'Hersberg'),
(4424, 'Arboldswil'),
(4425, 'Titterten'),
(4426, 'Lauwil'),
(4431, 'Bennwil'),
(4432, 'Lampenberg'),
(4433, 'Ramlinsburg'),
(4434, 'Hölstein'),
(4435, 'Niederdorf'),
(4436, 'Liedertswil, Oberdorf (BL)'),
(4437, 'Waldenburg'),
(4438, 'Langenbruck'),
(4441, 'Thürnen'),
(4442, 'Diepflingen'),
(4443, 'Wittinsburg'),
(4444, 'Rümlingen'),
(4445, 'Häfelfingen'),
(4446, 'Buckten'),
(4447, 'Känerkinden'),
(4448, 'Läufelfingen'),
(4450, 'Sissach'),
(4451, 'Wintersingen'),
(4452, 'Itingen'),
(4453, 'Nusshof'),
(4455, 'Zunzgen'),
(4456, 'Tenniken'),
(4457, 'Diegten'),
(4458, 'Eptingen'),
(4460, 'Gelterkinden'),
(4461, 'Böckten'),
(4462, 'Rickenbach (BL)'),
(4463, 'Buus'),
(4464, 'Maisprach'),
(4465, 'Hemmiken'),
(4466, 'Ormalingen'),
(4467, 'Rothenfluh'),
(4468, 'Kienberg'),
(4469, 'Anwil'),
(4492, 'Tecknau'),
(4493, 'Wenslingen'),
(4494, 'Oltingen'),
(4495, 'Zeglingen'),
(4496, 'Kilchberg (BL)'),
(4497, 'Rünenberg'),
(4500, 'Solothurn'),
(4512, 'Bellach'),
(4513, 'Langendorf'),
(4514, 'Lommiswil'),
(4515, 'Oberdorf (SO)'),
(4522, 'Rüttenen'),
(4523, 'Riedholz'),
(4524, 'Balm bei Günsberg, Günsberg'),
(4525, 'Balm bei Günsberg'),
(4528, 'Zuchwil'),
(4532, 'Feldbrunnen-St. Niklaus'),
(4533, 'Riedholz'),
(4534, 'Flumenthal'),
(4535, 'Hubersdorf, Kammersrohr'),
(4536, 'Attiswil'),
(4537, 'Wiedlisbach'),
(4538, 'Oberbipp'),
(4539, 'Farnern, Rumisberg'),
(4542, 'Luterbach'),
(4543, 'Deitingen'),
(4552, 'Derendingen'),
(4553, 'Subingen'),
(4554, 'Etziken, Hüniken'),
(4556, 'Aeschi (SO), Bolken'),
(4557, 'Horriwil'),
(4558, 'Drei Höfe'),
(4562, 'Biberist'),
(4563, 'Gerlafingen'),
(4564, 'Obergerlafingen, Zielebach'),
(4565, 'Recherswil'),
(4566, 'Halten, Kriegstetten, Oekingen'),
(4571, 'Lüterkofen-Ichertswil'),
(4573, 'Lohn-Ammannsegg'),
(4574, 'Lüsslingen-Nennigkofen'),
(4576, 'Buchegg'),
(4577, 'Buchegg'),
(4578, 'Buchegg'),
(4579, 'Buchegg'),
(4581, 'Buchegg'),
(4582, 'Buchegg'),
(4583, 'Buchegg'),
(4584, 'Lüterswil-Gächliwil'),
(4585, 'Biezwil'),
(4586, 'Buchegg'),
(4587, 'Buchegg'),
(4588, 'Buchegg, Messen, Unterramsern'),
(4600, 'Olten'),
(4612, 'Wangen bei Olten'),
(4613, 'Rickenbach (SO)'),
(4614, 'Hägendorf'),
(4615, 'Hägendorf'),
(4616, 'Kappel (SO)'),
(4617, 'Gunzgen'),
(4618, 'Boningen'),
(4622, 'Egerkingen'),
(4623, 'Neuendorf'),
(4624, 'Härkingen'),
(4625, 'Oberbuchsiten'),
(4626, 'Niederbuchsiten'),
(4628, 'Wolfwil'),
(4629, 'Fulenbach'),
(4632, 'Trimbach'),
(4633, 'Hauenstein-Ifenthal'),
(4634, 'Wisen (SO)'),
(4652, 'Winznau'),
(4653, 'Obergösgen'),
(4654, 'Lostorf'),
(4655, 'Rohr (SO), Stüsslingen'),
(4656, 'Starrkirch-Wil'),
(4657, 'Dulliken'),
(4658, 'Däniken'),
(4663, 'Aarburg'),
(4665, 'Oftringen'),
(4702, 'Oensingen'),
(4703, 'Kestenholz'),
(4704, 'Niederbipp, Wolfisberg'),
(4710, 'Balsthal'),
(4712, 'Laupersdorf'),
(4713, 'Matzendorf'),
(4714, 'Aedermannsdorf'),
(4715, 'Herbetswil'),
(4716, 'Gänsbrunnen, Welschenrohr'),
(4717, 'Mümliswil-Ramiswil'),
(4718, 'Holderbank (SO)'),
(4719, 'Mümliswil-Ramiswil'),
(4800, 'Zofingen'),
(4802, 'Strengelbach'),
(4803, 'Vordemwald'),
(4805, 'Brittnau'),
(4806, 'Wikon'),
(4812, 'Zofingen'),
(4813, 'Uerkheim'),
(4814, 'Bottenwil'),
(4852, 'Rothrist'),
(4853, 'Murgenthal'),
(4856, 'Murgenthal'),
(4900, 'Langenthal'),
(4911, 'Schwarzhäusern'),
(4912, 'Aarwangen'),
(4913, 'Bannwil'),
(4914, 'Roggwil (BE)'),
(4915, 'Pfaffnau'),
(4916, 'Langenthal'),
(4917, 'Busswil bei Melchnau, Melchnau'),
(4919, 'Reisiswil'),
(4922, 'Thunstetten'),
(4923, 'Wynau'),
(4924, 'Obersteckholz'),
(4932, 'Madiswil, Lotzwil'),
(4933, 'Rütschelen'),
(4934, 'Madiswil'),
(4935, 'Madiswil'),
(4936, 'Madiswil'),
(4937, 'Ursenbach'),
(4938, 'Rohrbach, Rohrbachgraben'),
(4942, 'Walterswil (BE)'),
(4943, 'Oeschenbach'),
(4944, 'Auswil'),
(4950, 'Huttwil'),
(4952, 'Eriswil'),
(4953, 'Huttwil'),
(4954, 'Wyssachen'),
(4955, 'Gondiswil'),
(5000, 'Aarau'),
(5004, 'Aarau'),
(5012, 'Eppenberg-Wöschnau, Schönenwerd'),
(5013, 'Niedergösgen'),
(5014, 'Gretzenbach'),
(5015, 'Erlinsbach (SO)'),
(5017, 'Erlinsbach (AG)'),
(5018, 'Erlinsbach (AG)'),
(5022, 'Küttigen'),
(5023, 'Biberstein'),
(5024, 'Küttigen'),
(5025, 'Densbüren'),
(5026, 'Densbüren'),
(5027, 'Herznach'),
(5028, 'Ueken'),
(5032, 'Aarau'),
(5033, 'Buchs (AG)'),
(5034, 'Suhr'),
(5035, 'Unterentfelden'),
(5036, 'Oberentfelden'),
(5037, 'Muhen'),
(5040, 'Schöftland'),
(5042, 'Hirschthal'),
(5043, 'Holziken'),
(5044, 'Schlossrued'),
(5046, 'Schmiedrued'),
(5053, 'Staffelbach'),
(5054, 'Kirchleerau, Moosleerau'),
(5056, 'Attelwil'),
(5057, 'Reitnau'),
(5058, 'Wiliberg'),
(5062, 'Oberhof'),
(5063, 'Wölflinswil'),
(5064, 'Wittnau'),
(5070, 'Frick'),
(5072, 'Oeschgen'),
(5073, 'Gipf-Oberfrick'),
(5074, 'Eiken'),
(5075, 'Hornussen'),
(5076, 'Bözen'),
(5077, 'Elfingen'),
(5078, 'Effingen'),
(5079, 'Zeihen'),
(5080, 'Laufenburg'),
(5082, 'Kaisten'),
(5083, 'Kaisten'),
(5084, 'Laufenburg'),
(5085, 'Laufenburg'),
(5102, 'Rupperswil'),
(5103, 'Möriken-Wildegg'),
(5105, 'Auenstein'),
(5106, 'Veltheim (AG)'),
(5107, 'Schinznach'),
(5108, 'Schinznach'),
(5112, 'Thalheim (AG)'),
(5113, 'Holderbank (AG)'),
(5116, 'Schinznach-Bad'),
(5200, 'Brugg'),
(5210, 'Windisch'),
(5212, 'Hausen (AG)'),
(5213, 'Villnachern'),
(5222, 'Brugg'),
(5223, 'Riniken'),
(5225, 'Bözberg'),
(5233, 'Villigen'),
(5234, 'Villigen'),
(5235, 'Rüfenach'),
(5236, 'Remigen'),
(5237, 'Mönthal'),
(5242, 'Birr, Lupfig'),
(5243, 'Mülligen'),
(5244, 'Birrhard'),
(5245, 'Habsburg'),
(5246, 'Scherz'),
(5272, 'Gansingen'),
(5273, 'Mettauertal'),
(5274, 'Mettauertal'),
(5275, 'Mettauertal'),
(5276, 'Mettauertal'),
(5277, 'Mettauertal'),
(5300, 'Turgi'),
(5301, 'Untersiggenthal'),
(5303, 'Würenlingen'),
(5304, 'Endingen'),
(5305, 'Endingen'),
(5306, 'Tegerfelden'),
(5312, 'Döttingen'),
(5313, 'Klingnau'),
(5314, 'Böttstein'),
(5315, 'Böttstein'),
(5316, 'Leuggern'),
(5317, 'Leuggern'),
(5318, 'Mandach'),
(5322, 'Koblenz'),
(5323, 'Rietheim'),
(5324, 'Full-Reuenthal'),
(5325, 'Leibstadt'),
(5326, 'Schwaderloch'),
(5330, 'Bad Zurzach'),
(5332, 'Rekingen (AG)'),
(5333, 'Baldingen'),
(5334, 'Böbikon'),
(5400, 'Baden'),
(5404, 'Baden'),
(5405, 'Baden'),
(5406, 'Baden'),
(5408, 'Ennetbaden'),
(5412, 'Gebenstorf'),
(5413, 'Birmenstorf (AG)'),
(5415, 'Obersiggenthal'),
(5416, 'Obersiggenthal'),
(5417, 'Untersiggenthal'),
(5420, 'Ehrendingen'),
(5423, 'Freienwil'),
(5425, 'Schneisingen'),
(5426, 'Lengnau (AG)'),
(5430, 'Wettingen'),
(5432, 'Neuenhof'),
(5436, 'Würenlos'),
(5442, 'Fislisbach'),
(5443, 'Niederrohrdorf'),
(5444, 'Künten'),
(5445, 'Eggenwil'),
(5452, 'Oberrohrdorf'),
(5453, 'Remetschwil'),
(5454, 'Bellikon'),
(5462, 'Siglistorf'),
(5463, 'Wislikofen'),
(5464, 'Rümikon'),
(5465, 'Mellikon'),
(5466, 'Kaiserstuhl'),
(5467, 'Fisibach'),
(5502, 'Hunzenschwil'),
(5503, 'Schafisheim'),
(5504, 'Othmarsingen'),
(5505, 'Brunegg'),
(5506, 'Mägenwil'),
(5507, 'Mellingen'),
(5512, 'Wohlenschwil'),
(5522, 'Tägerig'),
(5524, 'Niederwil (AG)'),
(5525, 'Fischbach-Göslikon'),
(5600, 'Ammerswil, Lenzburg'),
(5603, 'Staufen'),
(5604, 'Hendschiken'),
(5605, 'Dottikon'),
(5606, 'Dintikon'),
(5607, 'Hägglingen'),
(5608, 'Stetten (AG)'),
(5610, 'Wohlen (AG)'),
(5611, 'Wohlen (AG)'),
(5612, 'Villmergen'),
(5613, 'Villmergen'),
(5614, 'Sarmenstorf'),
(5615, 'Fahrwangen'),
(5616, 'Meisterschwanden'),
(5617, 'Meisterschwanden'),
(5618, 'Bettwil'),
(5619, 'Büttikon, Uezwil'),
(5620, 'Bremgarten (AG)'),
(5621, 'Zufikon'),
(5622, 'Waltenschwil'),
(5623, 'Boswil'),
(5624, 'Bünzen'),
(5625, 'Kallern'),
(5626, 'Bremgarten (AG)'),
(5627, 'Besenbüren'),
(5628, 'Aristau'),
(5630, 'Muri (AG)'),
(5632, 'Buttwil'),
(5634, 'Merenschwand'),
(5636, 'Merenschwand'),
(5637, 'Beinwil (Freiamt), Geltwil'),
(5642, 'Mühlau'),
(5643, 'Sins'),
(5644, 'Auw'),
(5645, 'Sins'),
(5646, 'Abtwil'),
(5647, 'Oberrüti'),
(5702, 'Niederlenz'),
(5703, 'Seon'),
(5704, 'Egliswil'),
(5705, 'Hallwil'),
(5706, 'Boniswil'),
(5707, 'Seengen'),
(5708, 'Birrwil'),
(5712, 'Beinwil am See'),
(5722, 'Gränichen'),
(5723, 'Teufenthal (AG)'),
(5724, 'Dürrenäsch'),
(5725, 'Leutwil'),
(5726, 'Unterkulm'),
(5727, 'Oberkulm'),
(5728, 'Gontenschwil'),
(5732, 'Zetzwil'),
(5733, 'Leimbach (AG)'),
(5734, 'Reinach (AG)'),
(5735, 'Rickenbach (LU)'),
(5736, 'Burg (AG)'),
(5737, 'Menziken'),
(5742, 'Kölliken'),
(5745, 'Safenwil'),
(5746, 'Walterswil (SO)'),
(6003, 'Luzern'),
(6004, 'Luzern'),
(6005, 'Luzern, Horw'),
(6006, 'Luzern'),
(6010, 'Alpnach, Kriens'),
(6012, 'Kriens'),
(6013, 'Schwarzenberg'),
(6014, 'Luzern'),
(6015, 'Luzern'),
(6016, 'Neuenkirch'),
(6017, 'Ruswil'),
(6018, 'Buttisholz'),
(6019, 'Ruswil'),
(6020, 'Emmen'),
(6022, 'Grosswangen'),
(6023, 'Rothenburg'),
(6024, 'Hildisrieden'),
(6025, 'Beromünster'),
(6026, 'Rain'),
(6027, 'Römerswil'),
(6028, 'Römerswil'),
(6030, 'Ebikon'),
(6032, 'Emmen'),
(6033, 'Buchrain'),
(6034, 'Inwil'),
(6035, 'Buchrain'),
(6036, 'Dierikon'),
(6037, 'Root'),
(6038, 'Gisikon, Honau'),
(6039, 'Root'),
(6042, 'Dietwil'),
(6043, 'Adligenswil'),
(6044, 'Udligenswil'),
(6045, 'Meggen'),
(6047, 'Horw'),
(6048, 'Horw'),
(6052, 'Hergiswil (NW)'),
(6053, 'Alpnach'),
(6055, 'Alpnach'),
(6056, 'Sarnen'),
(6060, 'Sarnen'),
(6062, 'Sarnen'),
(6063, 'Sarnen'),
(6064, 'Kerns'),
(6066, 'Kerns'),
(6067, 'Kerns'),
(6068, 'Kerns'),
(6072, 'Sachseln'),
(6073, 'Sachseln'),
(6074, 'Giswil'),
(6078, 'Lungern'),
(6083, 'Hasliberg'),
(6084, 'Hasliberg'),
(6085, 'Hasliberg'),
(6086, 'Hasliberg'),
(6102, 'Malters'),
(6103, 'Schwarzenberg'),
(6105, 'Werthenstein'),
(6106, 'Werthenstein'),
(6110, 'Wolhusen'),
(6112, 'Doppleschwand'),
(6113, 'Romoos'),
(6114, 'Wolhusen'),
(6122, 'Menznau'),
(6123, 'Menznau'),
(6125, 'Menznau'),
(6126, 'Willisau'),
(6130, 'Willisau'),
(6132, 'Willisau'),
(6133, 'Hergiswil bei Willisau'),
(6142, 'Gettnau'),
(6143, 'Schötz'),
(6144, 'Zell (LU)'),
(6145, 'Fischbach'),
(6146, 'Grossdietwil'),
(6147, 'Altbüron'),
(6152, 'Zell (LU)'),
(6153, 'Ufhusen'),
(6154, 'Luthern'),
(6156, 'Luthern'),
(6162, 'Entlebuch'),
(6163, 'Entlebuch'),
(6166, 'Hasle (LU)'),
(6167, 'Romoos'),
(6170, 'Schüpfheim'),
(6173, 'Flühli'),
(6174, 'Flühli'),
(6182, 'Escholzmatt-Marbach'),
(6192, 'Escholzmatt-Marbach'),
(6196, 'Escholzmatt-Marbach'),
(6197, 'Schangnau'),
(6203, 'Neuenkirch'),
(6204, 'Sempach'),
(6205, 'Eich'),
(6206, 'Neuenkirch'),
(6207, 'Nottwil'),
(6208, 'Oberkirch'),
(6210, 'Sursee'),
(6211, 'Dagmersellen'),
(6212, 'Mauensee, Knutwil'),
(6213, 'Knutwil'),
(6214, 'Schenkon'),
(6215, 'Beromünster'),
(6216, 'Mauensee'),
(6217, 'Ettiswil'),
(6218, 'Ettiswil'),
(6221, 'Rickenbach (LU)'),
(6222, 'Beromünster'),
(6231, 'Schlierbach'),
(6232, 'Geuensee'),
(6233, 'Büron'),
(6234, 'Triengen'),
(6235, 'Triengen'),
(6236, 'Triengen'),
(6242, 'Wauwil'),
(6243, 'Egolzwil'),
(6244, 'Nebikon'),
(6245, 'Ebersecken'),
(6246, 'Altishofen'),
(6247, 'Schötz'),
(6248, 'Alberswil'),
(6252, 'Dagmersellen'),
(6253, 'Dagmersellen'),
(6260, 'Wikon, Reiden'),
(6262, 'Reiden'),
(6263, 'Reiden'),
(6264, 'Pfaffnau'),
(6265, 'Roggliswil'),
(6274, 'Eschenbach (LU)'),
(6275, 'Ballwil'),
(6276, 'Hohenrain'),
(6277, 'Hohenrain'),
(6280, 'Hochdorf'),
(6283, 'Hochdorf'),
(6284, 'Hitzkirch'),
(6285, 'Hitzkirch'),
(6286, 'Altwis'),
(6287, 'Aesch (LU)'),
(6288, 'Schongau'),
(6289, 'Hitzkirch'),
(6294, 'Ermensee'),
(6295, 'Hitzkirch'),
(6300, 'Zug'),
(6312, 'Steinhausen'),
(6313, 'Menzingen'),
(6314, 'Unterägeri'),
(6315, 'Oberägeri'),
(6317, 'Zug'),
(6318, 'Walchwil'),
(6319, 'Baar'),
(6330, 'Cham'),
(6331, 'Hünenberg'),
(6332, 'Cham'),
(6333, 'Hünenberg'),
(6340, 'Baar, Neuheim'),
(6343, 'Risch'),
(6344, 'Meierskappel'),
(6345, 'Neuheim'),
(6353, 'Weggis'),
(6354, 'Vitznau'),
(6356, 'Weggis'),
(6362, 'Stansstad'),
(6363, 'Ennetbürgen, Stansstad'),
(6365, 'Stansstad'),
(6370, 'Oberdorf (NW), Stans'),
(6372, 'Ennetmoos'),
(6373, 'Ennetbürgen'),
(6374, 'Buochs'),
(6375, 'Beckenried'),
(6376, 'Emmetten'),
(6377, 'Seelisberg'),
(6382, 'Oberdorf (NW)'),
(6383, 'Dallenwil, Oberdorf (NW)'),
(6386, 'Wolfenschiessen'),
(6387, 'Wolfenschiessen'),
(6388, 'Engelberg'),
(6390, 'Engelberg'),
(6402, 'Küssnacht (SZ)'),
(6403, 'Küssnacht (SZ)'),
(6404, 'Greppen'),
(6405, 'Küssnacht (SZ)'),
(6410, 'Arth, Gersau'),
(6414, 'Arth'),
(6415, 'Arth'),
(6416, 'Steinerberg'),
(6417, 'Sattel'),
(6418, 'Rothenthurm'),
(6422, 'Steinen'),
(6423, 'Schwyz'),
(6424, 'Lauerz'),
(6430, 'Schwyz'),
(6432, 'Schwyz'),
(6433, 'Morschach'),
(6434, 'Illgau'),
(6436, 'Muotathal'),
(6438, 'Schwyz'),
(6440, 'Ingenbohl'),
(6441, 'Seelisberg'),
(6442, 'Gersau'),
(6443, 'Morschach'),
(6452, 'Riemenstalden, Sisikon'),
(6454, 'Flüelen'),
(6460, 'Altdorf (UR)'),
(6461, 'Isenthal'),
(6462, 'Seedorf (UR)'),
(6463, 'Bürglen (UR)'),
(6464, 'Spiringen'),
(6465, 'Unterschächen'),
(6466, 'Bauen'),
(6467, 'Schattdorf'),
(6468, 'Attinghausen'),
(6469, 'Schattdorf'),
(6472, 'Erstfeld'),
(6473, 'Silenen'),
(6474, 'Silenen'),
(6475, 'Silenen'),
(6476, 'Gurtnellen'),
(6482, 'Gurtnellen'),
(6484, 'Wassen'),
(6485, 'Wassen'),
(6487, 'Göschenen'),
(6490, 'Andermatt'),
(6491, 'Realp'),
(6493, 'Hospental'),
(6500, 'Bellinzona'),
(6503, 'Bellinzona'),
(6512, 'Giubiasco'),
(6513, 'Monte Carasso'),
(6514, 'Sementina'),
(6515, 'Gudo'),
(6516, 'Cugnasco-Gerra'),
(6517, 'Arbedo-Castione'),
(6518, 'Gorduno'),
(6523, 'Preonzo'),
(6524, 'Moleno'),
(6525, 'Gnosca'),
(6526, 'Lodrino'),
(6527, 'Lodrino'),
(6528, 'Camorino'),
(6532, 'Arbedo-Castione'),
(6533, 'Lumino'),
(6534, 'San Vittore'),
(6535, 'Roveredo (GR)'),
(6537, 'Grono'),
(6538, 'Verdabbio'),
(6540, 'Castaneda'),
(6541, 'Santa Maria in Calanca'),
(6542, 'Buseno'),
(6543, 'Calanca'),
(6544, 'Calanca'),
(6545, 'Calanca'),
(6546, 'Calanca'),
(6547, 'Rossa'),
(6548, 'Rossa'),
(6549, 'Roveredo (GR)'),
(6556, 'Leggia'),
(6557, 'Cama'),
(6558, 'Lostallo'),
(6562, 'Soazza'),
(6563, 'Mesocco'),
(6565, 'Mesocco'),
(6571, 'Gambarogno'),
(6572, 'Gambarogno'),
(6573, 'Gambarogno'),
(6574, 'Gambarogno'),
(6575, 'Gambarogno'),
(6576, 'Gambarogno'),
(6577, 'Gambarogno'),
(6578, 'Gambarogno'),
(6579, 'Gambarogno'),
(6582, 'Pianezzo'),
(6583, 'Sant''Antonio'),
(6584, 'Sant''Antonio'),
(6592, 'Sant''Antonino'),
(6593, 'Cadenazzo'),
(6594, 'Gambarogno'),
(6595, 'Lavertezzo'),
(6596, 'Gordola'),
(6597, 'Cugnasco-Gerra'),
(6598, 'Tenero-Contra'),
(6599, 'Cadenazzo'),
(6600, 'Locarno, Muralto'),
(6605, 'Locarno'),
(6611, 'Onsernone'),
(6612, 'Ascona'),
(6613, 'Ronco sopra Ascona'),
(6614, 'Brissago'),
(6616, 'Losone'),
(6618, 'Losone'),
(6622, 'Ronco sopra Ascona'),
(6631, 'Corippo'),
(6632, 'Vogorno'),
(6633, 'Lavertezzo'),
(6634, 'Brione (Verzasca)'),
(6635, 'Cugnasco-Gerra'),
(6636, 'Frasco'),
(6637, 'Sonogno'),
(6644, 'Orselina'),
(6645, 'Brione sopra Minusio'),
(6646, 'Tenero-Contra'),
(6647, 'Mergoscia'),
(6648, 'Minusio'),
(6652, 'Terre di Pedemonte'),
(6653, 'Terre di Pedemonte'),
(6654, 'Terre di Pedemonte'),
(6655, 'Centovalli'),
(6656, 'Centovalli'),
(6657, 'Centovalli'),
(6658, 'Centovalli'),
(6659, 'Centovalli'),
(6661, 'Onsernone'),
(6662, 'Onsernone'),
(6663, 'Onsernone'),
(6664, 'Onsernone'),
(6670, 'Avegno Gordevio'),
(6672, 'Avegno Gordevio'),
(6673, 'Maggia'),
(6674, 'Maggia'),
(6675, 'Cevio'),
(6676, 'Cevio'),
(6677, 'Maggia'),
(6678, 'Maggia'),
(6682, 'Linescio'),
(6683, 'Cerentino, Campo (Vallemaggia)'),
(6684, 'Campo (Vallemaggia)'),
(6685, 'Bosco/Gurin'),
(6690, 'Cevio'),
(6692, 'Lavizzara'),
(6693, 'Lavizzara'),
(6694, 'Lavizzara'),
(6695, 'Lavizzara'),
(6696, 'Lavizzara'),
(6702, 'Claro'),
(6703, 'Osogna'),
(6705, 'Cresciano'),
(6707, 'Iragna'),
(6710, 'Biasca'),
(6713, 'Serravalle'),
(6714, 'Serravalle'),
(6715, 'Acquarossa'),
(6716, 'Acquarossa'),
(6717, 'Blenio'),
(6718, 'Blenio'),
(6719, 'Blenio'),
(6720, 'Blenio'),
(6721, 'Serravalle, Acquarossa'),
(6722, 'Acquarossa'),
(6723, 'Acquarossa'),
(6724, 'Acquarossa'),
(6742, 'Pollegio'),
(6743, 'Bodio'),
(6744, 'Personico'),
(6745, 'Giornico'),
(6746, 'Faido'),
(6747, 'Faido'),
(6748, 'Faido'),
(6749, 'Faido'),
(6760, 'Faido'),
(6763, 'Faido'),
(6764, 'Faido'),
(6772, 'Prato (Leventina)'),
(6773, 'Prato (Leventina)'),
(6774, 'Dalpe'),
(6775, 'Quinto'),
(6776, 'Quinto'),
(6777, 'Quinto'),
(6780, 'Airolo'),
(6781, 'Bedretto'),
(6802, 'Monteceneri'),
(6803, 'Monteceneri'),
(6804, 'Monteceneri'),
(6805, 'Mezzovico-Vira'),
(6806, 'Monteceneri'),
(6807, 'Capriasca, Torricella-Taverne'),
(6808, 'Torricella-Taverne'),
(6809, 'Comunanza Cadenazzo/Montecener, Monteceneri'),
(6810, 'Isone'),
(6814, 'Cadempino, Lamone'),
(6815, 'Melide'),
(6816, 'Bissone'),
(6817, 'Maroggia'),
(6818, 'Melano'),
(6821, 'Rovio'),
(6822, 'Arogno'),
(6823, 'Arogno'),
(6825, 'Mendrisio, Rovio'),
(6826, 'Riva San Vitale'),
(6827, 'Brusino Arsizio'),
(6828, 'Balerna'),
(6830, 'Chiasso'),
(6832, 'Chiasso'),
(6833, 'Vacallo'),
(6834, 'Morbio Inferiore'),
(6835, 'Breggia'),
(6837, 'Breggia'),
(6838, 'Breggia'),
(6839, 'Breggia'),
(6850, 'Mendrisio'),
(6852, 'Mendrisio'),
(6853, 'Mendrisio'),
(6854, 'Stabio'),
(6855, 'Stabio'),
(6862, 'Mendrisio'),
(6863, 'Mendrisio'),
(6864, 'Mendrisio'),
(6865, 'Mendrisio'),
(6866, 'Mendrisio'),
(6867, 'Brusino Arsizio'),
(6872, 'Mendrisio'),
(6873, 'Castel San Pietro'),
(6874, 'Castel San Pietro'),
(6875, 'Castel San Pietro'),
(6877, 'Coldrerio'),
(6883, 'Novazzano'),
(6900, 'Lugano, Massagno, Paradiso'),
(6912, 'Lugano'),
(6913, 'Lugano'),
(6914, 'Lugano'),
(6915, 'Lugano'),
(6916, 'Grancia'),
(6917, 'Lugano'),
(6918, 'Lugano'),
(6919, 'Collina d''Oro'),
(6921, 'Vico Morcote'),
(6922, 'Morcote'),
(6924, 'Sorengo'),
(6925, 'Collina d''Oro'),
(6926, 'Collina d''Oro'),
(6927, 'Collina d''Oro'),
(6928, 'Manno'),
(6929, 'Gravesano'),
(6930, 'Bedano'),
(6932, 'Lugano'),
(6933, 'Muzzano'),
(6934, 'Bioggio'),
(6935, 'Bioggio'),
(6936, 'Cademario'),
(6937, 'Alto Malcantone'),
(6938, 'Alto Malcantone'),
(6939, 'Alto Malcantone'),
(6942, 'Savosa'),
(6943, 'Vezia'),
(6944, 'Cureglia'),
(6945, 'Origlio'),
(6946, 'Ponte Capriasca'),
(6947, 'Capriasca'),
(6948, 'Porza'),
(6949, 'Comano'),
(6950, 'Capriasca'),
(6951, 'Lugano'),
(6952, 'Canobbio'),
(6953, 'Capriasca'),
(6954, 'Capriasca'),
(6955, 'Capriasca'),
(6956, 'Capriasca'),
(6957, 'Capriasca'),
(6958, 'Capriasca'),
(6959, 'Lugano'),
(6960, 'Capriasca'),
(6962, 'Lugano'),
(6963, 'Lugano'),
(6964, 'Lugano'),
(6965, 'Lugano'),
(6966, 'Lugano'),
(6967, 'Lugano'),
(6968, 'Lugano'),
(6974, 'Lugano'),
(6976, 'Lugano'),
(6977, 'Lugano'),
(6978, 'Lugano'),
(6979, 'Lugano'),
(6980, 'Croglio'),
(6981, 'Bedigliora, Croglio, Curio'),
(6982, 'Agno'),
(6983, 'Magliaso'),
(6984, 'Pura'),
(6986, 'Curio, Miglieglia, Novaggio'),
(6987, 'Caslano'),
(6988, 'Ponte Tresa'),
(6989, 'Croglio'),
(6990, 'Agno'),
(6991, 'Neggio'),
(6992, 'Bioggio, Vernate'),
(6993, 'Bioggio'),
(6994, 'Aranno'),
(6995, 'Croglio, Monteggio'),
(6996, 'Monteggio'),
(6997, 'Sessa'),
(6998, 'Monteggio'),
(6999, 'Astano'),
(7000, 'Chur'),
(7012, 'Felsberg'),
(7013, 'Domat/Ems'),
(7014, 'Trin'),
(7015, 'Tamins'),
(7016, 'Trin'),
(7017, 'Flims'),
(7018, 'Flims'),
(7019, 'Flims'),
(7023, 'Haldenstein'),
(7026, 'Maladers'),
(7027, 'Arosa'),
(7028, 'Arosa'),
(7029, 'Arosa'),
(7031, 'Laax'),
(7032, 'Laax'),
(7050, 'Arosa'),
(7056, 'Arosa'),
(7057, 'Arosa'),
(7058, 'Arosa'),
(7062, 'Churwalden'),
(7063, 'Tschiertschen-Praden'),
(7064, 'Tschiertschen-Praden'),
(7074, 'Churwalden'),
(7075, 'Churwalden'),
(7076, 'Churwalden'),
(7077, 'Vaz/Obervaz'),
(7078, 'Vaz/Obervaz'),
(7082, 'Vaz/Obervaz'),
(7083, 'Lantsch/Lenz'),
(7084, 'Albula/Alvra'),
(7104, 'Safiental'),
(7106, 'Safiental'),
(7107, 'Safiental'),
(7109, 'Safiental'),
(7110, 'Lumnezia'),
(7111, 'Ilanz/Glion'),
(7112, 'Ilanz/Glion'),
(7113, 'Lumnezia'),
(7114, 'Lumnezia'),
(7115, 'Lumnezia'),
(7116, 'Vals, Lumnezia'),
(7122, 'Safiental'),
(7126, 'Ilanz/Glion'),
(7127, 'Ilanz/Glion'),
(7128, 'Ilanz/Glion'),
(7130, 'Ilanz/Glion'),
(7132, 'Vals'),
(7134, 'Obersaxen-Mundaun'),
(7137, 'Obersaxen-Mundaun'),
(7138, 'Obersaxen-Mundaun'),
(7141, 'Ilanz/Glion'),
(7142, 'Lumnezia'),
(7143, 'Lumnezia'),
(7144, 'Lumnezia'),
(7145, 'Lumnezia'),
(7146, 'Lumnezia'),
(7147, 'Lumnezia'),
(7148, 'Lumnezia'),
(7149, 'Lumnezia'),
(7151, 'Schluein'),
(7152, 'Sagogn'),
(7153, 'Falera'),
(7154, 'Ilanz/Glion'),
(7155, 'Ilanz/Glion'),
(7156, 'Ilanz/Glion'),
(7157, 'Ilanz/Glion'),
(7158, 'Waltensburg/Vuorz'),
(7159, 'Andiast'),
(7162, 'Breil/Brigels'),
(7163, 'Breil/Brigels'),
(7164, 'Breil/Brigels'),
(7165, 'Breil/Brigels'),
(7166, 'Trun'),
(7167, 'Trun'),
(7168, 'Trun'),
(7172, 'Sumvitg'),
(7173, 'Sumvitg'),
(7174, 'Sumvitg'),
(7175, 'Sumvitg'),
(7176, 'Sumvitg'),
(7180, 'Disentis/Mustér'),
(7182, 'Disentis/Mustér'),
(7183, 'Disentis/Mustér'),
(7184, 'Medel (Lucmagn)'),
(7185, 'Medel (Lucmagn)'),
(7186, 'Disentis/Mustér'),
(7187, 'Tujetsch'),
(7188, 'Tujetsch'),
(7189, 'Tujetsch'),
(7202, 'Trimmis'),
(7203, 'Trimmis'),
(7204, 'Untervaz'),
(7205, 'Zizers'),
(7206, 'Landquart'),
(7208, 'Malans'),
(7212, 'Seewis im Prättigau'),
(7213, 'Grüsch'),
(7214, 'Grüsch'),
(7215, 'Grüsch'),
(7220, 'Schiers'),
(7222, 'Schiers'),
(7223, 'Luzein'),
(7224, 'Luzein'),
(7226, 'Schiers'),
(7228, 'Schiers'),
(7231, 'Jenaz'),
(7232, 'Furna'),
(7233, 'Jenaz'),
(7235, 'Fideris'),
(7240, 'Küblis'),
(7241, 'Conters im Prättigau'),
(7242, 'Luzein'),
(7243, 'Luzein'),
(7244, 'Luzein'),
(7245, 'Luzein'),
(7246, 'Luzein'),
(7247, 'Klosters-Serneus'),
(7249, 'Klosters-Serneus'),
(7250, 'Klosters-Serneus'),
(7252, 'Klosters-Serneus'),
(7260, 'Davos'),
(7265, 'Davos'),
(7270, 'Davos'),
(7272, 'Davos'),
(7276, 'Davos'),
(7277, 'Davos'),
(7278, 'Davos'),
(7302, 'Landquart'),
(7303, 'Landquart'),
(7304, 'Maienfeld'),
(7306, 'Fläsch'),
(7307, 'Jenins'),
(7310, 'Bad Ragaz, Pfäfers'),
(7312, 'Pfäfers'),
(7313, 'Pfäfers'),
(7314, 'Pfäfers'),
(7315, 'Pfäfers'),
(7317, 'Pfäfers'),
(7320, 'Sargans'),
(7323, 'Vilters-Wangs'),
(7324, 'Vilters-Wangs'),
(7325, 'Mels'),
(7326, 'Mels'),
(7402, 'Bonaduz'),
(7403, 'Rhäzüns'),
(7404, 'Domleschg'),
(7405, 'Rothenbrunnen'),
(7407, 'Domleschg'),
(7408, 'Cazis'),
(7411, 'Sils im Domleschg'),
(7412, 'Scharans'),
(7413, 'Fürstenau'),
(7414, 'Fürstenau'),
(7415, 'Domleschg'),
(7416, 'Domleschg'),
(7417, 'Domleschg'),
(7418, 'Domleschg'),
(7419, 'Domleschg'),
(7421, 'Cazis'),
(7422, 'Cazis'),
(7423, 'Cazis'),
(7424, 'Cazis'),
(7425, 'Masein'),
(7426, 'Flerden'),
(7427, 'Urmein'),
(7428, 'Tschappina'),
(7430, 'Rongellen, Thusis'),
(7431, 'Mutten'),
(7432, 'Zillis-Reischen'),
(7433, 'Donat, Lohn (GR), Mathon, Casti-Wergenstein'),
(7434, 'Sufers'),
(7435, 'Splügen'),
(7436, 'Splügen'),
(7437, 'Nufenen'),
(7438, 'Hinterrhein'),
(7440, 'Andeer'),
(7442, 'Andeer'),
(7443, 'Andeer'),
(7444, 'Ferrera'),
(7445, 'Ferrera'),
(7446, 'Avers'),
(7447, 'Avers'),
(7448, 'Avers'),
(7450, 'Albula/Alvra'),
(7451, 'Albula/Alvra'),
(7452, 'Surses'),
(7453, 'Surses'),
(7454, 'Surses'),
(7455, 'Surses'),
(7456, 'Surses'),
(7457, 'Surses'),
(7458, 'Albula/Alvra'),
(7459, 'Albula/Alvra'),
(7460, 'Surses'),
(7462, 'Surses'),
(7463, 'Surses'),
(7464, 'Surses'),
(7472, 'Albula/Alvra'),
(7473, 'Albula/Alvra'),
(7477, 'Filisur'),
(7482, 'Bergün/Bravuogn'),
(7484, 'Bergün/Bravuogn'),
(7492, 'Albula/Alvra'),
(7493, 'Schmitten (GR)'),
(7494, 'Davos'),
(7500, 'St. Moritz'),
(7502, 'Bever'),
(7503, 'Samedan'),
(7504, 'Pontresina'),
(7505, 'Celerina/Schlarigna'),
(7512, 'Silvaplana'),
(7513, 'Silvaplana'),
(7514, 'Sils im Engadin/Segl'),
(7515, 'Sils im Engadin/Segl'),
(7516, 'Bregaglia'),
(7517, 'Sils im Engadin/Segl'),
(7522, 'La Punt-Chamues-ch'),
(7523, 'Madulain'),
(7524, 'Zuoz'),
(7525, 'S-chanf'),
(7526, 'S-chanf'),
(7527, 'Zernez'),
(7530, 'Zernez'),
(7532, 'Val Müstair'),
(7533, 'Val Müstair'),
(7534, 'Val Müstair'),
(7535, 'Val Müstair'),
(7536, 'Val Müstair'),
(7537, 'Val Müstair'),
(7542, 'Zernez'),
(7543, 'Zernez'),
(7545, 'Scuol'),
(7546, 'Scuol'),
(7550, 'Scuol'),
(7551, 'Scuol'),
(7552, 'Scuol'),
(7553, 'Scuol'),
(7554, 'Scuol'),
(7556, 'Valsot'),
(7557, 'Valsot'),
(7558, 'Valsot'),
(7559, 'Valsot'),
(7560, 'Valsot'),
(7562, 'Samnaun'),
(7563, 'Samnaun'),
(7602, 'Bregaglia'),
(7603, 'Bregaglia'),
(7604, 'Bregaglia'),
(7605, 'Bregaglia'),
(7606, 'Bregaglia'),
(7608, 'Bregaglia'),
(7610, 'Bregaglia'),
(7710, 'Poschiavo'),
(7741, 'Poschiavo'),
(7742, 'Poschiavo'),
(7743, 'Brusio, Poschiavo'),
(7744, 'Brusio'),
(7745, 'Poschiavo'),
(7746, 'Poschiavo'),
(7747, 'Brusio'),
(7748, 'Brusio'),
(8001, 'Zürich'),
(8002, 'Zürich'),
(8003, 'Zürich'),
(8004, 'Zürich'),
(8005, 'Zürich'),
(8006, 'Zürich'),
(8008, 'Zürich'),
(8032, 'Zürich'),
(8037, 'Zürich'),
(8038, 'Zürich'),
(8041, 'Zürich'),
(8044, 'Dübendorf, Zürich'),
(8045, 'Zürich'),
(8046, 'Zürich'),
(8047, 'Zürich'),
(8048, 'Zürich'),
(8049, 'Zürich'),
(8050, 'Zürich'),
(8051, 'Zürich'),
(8052, 'Zürich'),
(8053, 'Zürich'),
(8055, 'Zürich'),
(8057, 'Zürich'),
(8064, 'Zürich'),
(8102, 'Oberengstringen'),
(8103, 'Unterengstringen'),
(8104, 'Weiningen (ZH)'),
(8105, 'Regensdorf'),
(8106, 'Regensdorf'),
(8107, 'Buchs (ZH)'),
(8108, 'Dällikon'),
(8109, 'Würenlos'),
(8112, 'Otelfingen'),
(8113, 'Boppelsen'),
(8114, 'Dänikon'),
(8115, 'Hüttikon'),
(8117, 'Fällanden'),
(8118, 'Fällanden'),
(8121, 'Fällanden'),
(8122, 'Maur'),
(8123, 'Maur'),
(8124, 'Maur'),
(8125, 'Zollikon'),
(8126, 'Zumikon'),
(8127, 'Küsnacht (ZH)'),
(8132, 'Egg'),
(8133, 'Egg'),
(8134, 'Adliswil'),
(8135, 'Langnau am Albis, Horgen'),
(8136, 'Thalwil'),
(8142, 'Uitikon'),
(8143, 'Stallikon'),
(8152, 'Opfikon'),
(8153, 'Rümlang'),
(8154, 'Oberglatt'),
(8155, 'Niederhasli'),
(8156, 'Niederhasli'),
(8157, 'Dielsdorf'),
(8158, 'Regensberg'),
(8162, 'Steinmaur'),
(8164, 'Bachs'),
(8165, 'Oberweningen, Schleinikon, Schöfflisdorf'),
(8166, 'Niederweningen'),
(8172, 'Niederglatt'),
(8173, 'Neerach'),
(8174, 'Stadel'),
(8175, 'Stadel'),
(8180, 'Bülach'),
(8181, 'Höri'),
(8182, 'Hochfelden'),
(8184, 'Bachenbülach'),
(8185, 'Winkel'),
(8187, 'Weiach'),
(8192, 'Glattfelden'),
(8193, 'Eglisau'),
(8194, 'Hüntwangen'),
(8195, 'Wasterkingen'),
(8196, 'Wil (ZH)'),
(8197, 'Rafz'),
(8200, 'Schaffhausen'),
(8203, 'Schaffhausen'),
(8207, 'Schaffhausen'),
(8208, 'Schaffhausen'),
(8212, 'Neuhausen am Rheinfall, Laufen-Uhwiesen'),
(8213, 'Neunkirch'),
(8214, 'Gächlingen'),
(8215, 'Hallau'),
(8216, 'Oberhallau'),
(8217, 'Wilchingen'),
(8218, 'Wilchingen'),
(8219, 'Trasadingen'),
(8222, 'Beringen'),
(8223, 'Beringen'),
(8224, 'Löhningen'),
(8225, 'Siblingen'),
(8226, 'Schleitheim'),
(8228, 'Beggingen'),
(8231, 'Schaffhausen'),
(8232, 'Merishausen'),
(8233, 'Bargen (SH)'),
(8234, 'Stetten (SH)'),
(8235, 'Lohn (SH)'),
(8236, 'Büttenhardt, Thayngen'),
(8239, 'Dörflingen'),
(8240, 'Thayngen'),
(8241, 'Thayngen'),
(8242, 'Thayngen'),
(8243, 'Thayngen'),
(8245, 'Feuerthalen'),
(8246, 'Feuerthalen'),
(8247, 'Flurlingen'),
(8248, 'Laufen-Uhwiesen'),
(8252, 'Schlatt (TG)'),
(8253, 'Diessenhofen'),
(8254, 'Basadingen-Schlattingen'),
(8255, 'Basadingen-Schlattingen'),
(8259, 'Wagenhausen'),
(8260, 'Stein am Rhein'),
(8261, 'Hemishofen'),
(8262, 'Ramsen'),
(8263, 'Buch (SH)'),
(8264, 'Eschenz'),
(8265, 'Mammern'),
(8266, 'Steckborn'),
(8267, 'Berlingen'),
(8268, 'Salenstein'),
(8269, 'Salenstein'),
(8272, 'Ermatingen'),
(8273, 'Ermatingen'),
(8274, 'Gottlieben, Tägerwilen'),
(8280, 'Kreuzlingen'),
(8302, 'Kloten'),
(8303, 'Bassersdorf'),
(8304, 'Wallisellen'),
(8305, 'Dietlikon'),
(8306, 'Wangen-Brüttisellen'),
(8307, 'Illnau-Effretikon'),
(8308, 'Illnau-Effretikon'),
(8309, 'Nürensdorf'),
(8310, 'Lindau'),
(8311, 'Brütten'),
(8312, 'Lindau'),
(8314, 'Illnau-Effretikon'),
(8315, 'Lindau'),
(8317, 'Lindau'),
(8320, 'Fehraltorf'),
(8322, 'Russikon'),
(8330, 'Pfäffikon'),
(8331, 'Pfäffikon'),
(8332, 'Russikon'),
(8335, 'Hittnau'),
(8340, 'Hinwil'),
(8342, 'Hinwil'),
(8344, 'Bäretswil'),
(8345, 'Bäretswil'),
(8352, 'Elsau, Winterthur'),
(8353, 'Elgg'),
(8354, 'Hofstetten (ZH)'),
(8355, 'Aadorf'),
(8356, 'Aadorf'),
(8357, 'Aadorf'),
(8360, 'Eschlikon'),
(8362, 'Bichelsee-Balterswil'),
(8363, 'Bichelsee-Balterswil'),
(8370, 'Sirnach'),
(8371, 'Sirnach'),
(8372, 'Sirnach'),
(8374, 'Fischingen'),
(8376, 'Fischingen'),
(8400, 'Winterthur'),
(8404, 'Winterthur'),
(8405, 'Winterthur'),
(8406, 'Winterthur'),
(8408, 'Winterthur'),
(8409, 'Winterthur'),
(8412, 'Neftenbach'),
(8413, 'Neftenbach'),
(8414, 'Buch am Irchel'),
(8415, 'Berg am Irchel'),
(8416, 'Flaach'),
(8418, 'Schlatt (ZH)'),
(8421, 'Dättlikon'),
(8422, 'Pfungen'),
(8424, 'Embrach'),
(8425, 'Oberembrach'),
(8426, 'Lufingen'),
(8427, 'Freienstein-Teufen, Rorbas'),
(8428, 'Freienstein-Teufen'),
(8442, 'Hettlingen'),
(8444, 'Henggart'),
(8447, 'Dachsen'),
(8450, 'Andelfingen'),
(8451, 'Kleinandelfingen'),
(8452, 'Adlikon'),
(8453, 'Kleinandelfingen'),
(8454, 'Buchberg'),
(8455, 'Rüdlingen'),
(8457, 'Humlikon'),
(8458, 'Dorf'),
(8459, 'Volken'),
(8460, 'Marthalen'),
(8461, 'Kleinandelfingen'),
(8462, 'Rheinau'),
(8463, 'Benken (ZH)'),
(8464, 'Marthalen'),
(8465, 'Trüllikon'),
(8466, 'Trüllikon'),
(8467, 'Truttikon'),
(8468, 'Waltalingen'),
(8471, 'Dägerlen'),
(8472, 'Seuzach'),
(8474, 'Dinhard'),
(8475, 'Ossingen'),
(8476, 'Unterstammheim'),
(8477, 'Oberstammheim'),
(8478, 'Thalheim an der Thur'),
(8479, 'Altikon'),
(8482, 'Winterthur'),
(8483, 'Zell (ZH)'),
(8484, 'Weisslingen'),
(8486, 'Zell (ZH)'),
(8487, 'Zell (ZH)'),
(8488, 'Turbenthal'),
(8489, 'Wildberg'),
(8492, 'Wila'),
(8493, 'Bauma'),
(8494, 'Bauma'),
(8495, 'Turbenthal'),
(8496, 'Fischenthal'),
(8497, 'Fischenthal'),
(8498, 'Fischenthal'),
(8499, 'Bauma'),
(8500, 'Frauenfeld'),
(8505, 'Pfyn'),
(8506, 'Herdern'),
(8507, 'Homburg'),
(8508, 'Homburg'),
(8512, 'Thundorf'),
(8514, 'Amlikon-Bissegg'),
(8522, 'Aadorf'),
(8523, 'Hagenbuch'),
(8524, 'Uesslingen-Buch'),
(8525, 'Neunforn'),
(8526, 'Neunforn'),
(8532, 'Warth-Weiningen'),
(8535, 'Herdern'),
(8536, 'Hüttwilen'),
(8537, 'Hüttwilen'),
(8542, 'Wiesendangen'),
(8543, 'Wiesendangen'),
(8544, 'Wiesendangen'),
(8545, 'Rickenbach (ZH)'),
(8546, 'Gachnang, Wiesendangen'),
(8547, 'Gachnang'),
(8548, 'Ellikon an der Thur'),
(8552, 'Felben-Wellhausen'),
(8553, 'Hüttlingen'),
(8554, 'Wigoltingen'),
(8555, 'Müllheim'),
(8556, 'Wigoltingen'),
(8558, 'Raperswilen'),
(8560, 'Märstetten'),
(8561, 'Märstetten'),
(8564, 'Wäldi, Wigoltingen'),
(8565, 'Kemmental'),
(8566, 'Kemmental'),
(8570, 'Weinfelden'),
(8572, 'Berg (TG)'),
(8573, 'Kemmental'),
(8574, 'Lengwil'),
(8575, 'Bürglen (TG)'),
(8576, 'Berg (TG)'),
(8577, 'Schönholzerswilen'),
(8580, 'Amriswil, Hefenhofen, Sommeri'),
(8581, 'Amriswil'),
(8582, 'Dozwil'),
(8583, 'Sulgen'),
(8584, 'Bürglen (TG)'),
(8585, 'Birwinken, Langrickenbach'),
(8586, 'Birwinken, Erlen'),
(8587, 'Amriswil'),
(8588, 'Zihlschlacht-Sitterdorf'),
(8589, 'Zihlschlacht-Sitterdorf'),
(8590, 'Romanshorn'),
(8592, 'Uttwil'),
(8593, 'Kesswil'),
(8594, 'Güttingen'),
(8595, 'Altnau'),
(8596, 'Münsterlingen'),
(8597, 'Münsterlingen'),
(8598, 'Bottighofen'),
(8599, 'Salmsach'),
(8600, 'Dübendorf'),
(8602, 'Wangen-Brüttisellen'),
(8603, 'Schwerzenbach'),
(8604, 'Volketswil'),
(8605, 'Volketswil'),
(8606, 'Greifensee, Uster'),
(8607, 'Seegräben'),
(8608, 'Bubikon'),
(8610, 'Uster'),
(8614, 'Gossau (ZH), Uster'),
(8615, 'Uster'),
(8616, 'Uster'),
(8617, 'Mönchaltorf'),
(8618, 'Oetwil am See'),
(8620, 'Wetzikon (ZH)'),
(8623, 'Wetzikon (ZH)'),
(8624, 'Gossau (ZH)'),
(8625, 'Gossau (ZH)'),
(8626, 'Gossau (ZH)'),
(8627, 'Grüningen'),
(8630, 'Rüti (ZH)'),
(8632, 'Dürnten'),
(8633, 'Bubikon'),
(8634, 'Hombrechtikon'),
(8635, 'Dürnten'),
(8636, 'Wald (ZH)'),
(8637, 'Wald (ZH)'),
(8638, 'Eschenbach (SG)'),
(8640, 'Freienbach, Rapperswil-Jona'),
(8645, 'Rapperswil-Jona'),
(8646, 'Rapperswil-Jona'),
(8700, 'Küsnacht (ZH)'),
(8702, 'Zollikon'),
(8703, 'Erlenbach (ZH)'),
(8704, 'Herrliberg'),
(8706, 'Meilen'),
(8707, 'Uetikon am See'),
(8708, 'Männedorf'),
(8712, 'Stäfa'),
(8713, 'Stäfa'),
(8714, 'Hombrechtikon'),
(8715, 'Rapperswil-Jona'),
(8716, 'Schmerikon'),
(8717, 'Benken (SG)'),
(8718, 'Schänis'),
(8722, 'Kaltbrunn'),
(8723, 'Schänis'),
(8725, 'Gommiswald'),
(8726, 'Wattwil'),
(8727, 'Eschenbach (SG)'),
(8730, 'Uznach'),
(8732, 'Eschenbach (SG)'),
(8733, 'Eschenbach (SG)'),
(8734, 'Eschenbach (SG)'),
(8735, 'Eschenbach (SG)'),
(8737, 'Gommiswald'),
(8738, 'Gommiswald'),
(8739, 'Gommiswald'),
(8750, 'Glarus'),
(8751, 'Spiringen'),
(8752, 'Glarus Nord'),
(8753, 'Glarus Nord'),
(8754, 'Glarus'),
(8755, 'Glarus'),
(8756, 'Glarus Süd'),
(8757, 'Glarus Nord'),
(8758, 'Glarus Nord'),
(8762, 'Glarus Süd'),
(8765, 'Glarus Süd'),
(8766, 'Glarus Süd'),
(8767, 'Glarus Süd'),
(8772, 'Glarus Süd'),
(8773, 'Glarus Süd'),
(8774, 'Glarus Süd'),
(8775, 'Glarus Süd'),
(8777, 'Glarus Süd'),
(8782, 'Glarus Süd'),
(8783, 'Glarus Süd'),
(8784, 'Glarus Süd'),
(8800, 'Thalwil'),
(8802, 'Kilchberg (ZH)'),
(8803, 'Rüschlikon'),
(8804, 'Wädenswil'),
(8805, 'Richterswil'),
(8806, 'Freienbach'),
(8807, 'Freienbach'),
(8808, 'Freienbach'),
(8810, 'Horgen'),
(8815, 'Horgen'),
(8816, 'Hirzel'),
(8820, 'Wädenswil'),
(8824, 'Schönenberg (ZH)'),
(8825, 'Hütten'),
(8832, 'Freienbach, Wollerau'),
(8833, 'Richterswil'),
(8834, 'Feusisberg'),
(8835, 'Feusisberg'),
(8836, 'Einsiedeln'),
(8840, 'Einsiedeln'),
(8841, 'Einsiedeln'),
(8842, 'Unteriberg'),
(8843, 'Oberiberg'),
(8844, 'Einsiedeln'),
(8845, 'Unteriberg'),
(8846, 'Einsiedeln'),
(8847, 'Einsiedeln'),
(8849, 'Alpthal'),
(8852, 'Altendorf'),
(8853, 'Lachen'),
(8854, 'Galgenen, Schübelbach'),
(8855, 'Wangen (SZ)'),
(8856, 'Tuggen'),
(8857, 'Vorderthal'),
(8858, 'Innerthal'),
(8862, 'Schübelbach'),
(8863, 'Schübelbach'),
(8864, 'Reichenburg'),
(8865, 'Glarus Nord'),
(8866, 'Glarus Nord'),
(8867, 'Glarus Nord'),
(8868, 'Glarus Nord'),
(8872, 'Weesen'),
(8873, 'Amden'),
(8874, 'Glarus Nord'),
(8877, 'Quarten'),
(8878, 'Quarten'),
(8880, 'Walenstadt'),
(8881, 'Walenstadt'),
(8882, 'Quarten'),
(8883, 'Quarten'),
(8884, 'Quarten'),
(8885, 'Quarten'),
(8886, 'Mels'),
(8887, 'Mels'),
(8888, 'Mels'),
(8889, 'Mels'),
(8890, 'Flums'),
(8892, 'Walenstadt'),
(8893, 'Flums'),
(8894, 'Flums'),
(8895, 'Flums'),
(8896, 'Flums'),
(8897, 'Flums'),
(8898, 'Flums'),
(8902, 'Urdorf'),
(8903, 'Birmensdorf (ZH)'),
(8904, 'Aesch (ZH)'),
(8905, 'Arni (AG), Islisberg'),
(8906, 'Bonstetten'),
(8907, 'Wettswil am Albis'),
(8908, 'Hedingen'),
(8909, 'Affoltern am Albis'),
(8910, 'Affoltern am Albis'),
(8911, 'Rifferswil'),
(8912, 'Obfelden'),
(8913, 'Ottenbach'),
(8914, 'Aeugst am Albis'),
(8915, 'Hausen am Albis'),
(8916, 'Jonen'),
(8917, 'Oberlunkhofen'),
(8918, 'Unterlunkhofen'),
(8919, 'Rottenschwil'),
(8925, 'Hausen am Albis'),
(8926, 'Kappel am Albis'),
(8932, 'Mettmenstetten'),
(8933, 'Maschwanden'),
(8934, 'Knonau'),
(8942, 'Oberrieden'),
(8951, 'Weiningen (ZH)'),
(8952, 'Schlieren'),
(8953, 'Dietikon'),
(8954, 'Geroldswil'),
(8955, 'Oetwil an der Limmat'),
(8956, 'Killwangen'),
(8957, 'Spreitenbach'),
(8962, 'Bergdietikon'),
(8964, 'Rudolfstetten-Friedlisberg'),
(8965, 'Berikon'),
(8966, 'Oberwil-Lieli'),
(8967, 'Widen'),
(9000, 'St. Gallen'),
(9008, 'St. Gallen'),
(9010, 'St. Gallen'),
(9011, 'St. Gallen'),
(9012, 'St. Gallen'),
(9014, 'St. Gallen'),
(9015, 'St. Gallen'),
(9016, 'St. Gallen'),
(9030, 'Gaiserwald'),
(9032, 'Gaiserwald'),
(9033, 'Untereggen'),
(9034, 'Eggersriet'),
(9035, 'Grub (AR)'),
(9036, 'Eggersriet'),
(9037, 'Speicher'),
(9038, 'Rehetobel'),
(9042, 'Speicher'),
(9043, 'Trogen'),
(9044, 'Wald (AR)'),
(9050, 'Appenzell, Rüte, Schlatt-Haslen'),
(9052, 'Teufen (AR)'),
(9053, 'Teufen (AR)'),
(9054, 'Schlatt-Haslen'),
(9055, 'Bühler'),
(9056, 'Gais'),
(9057, 'Schwende'),
(9058, 'Rüte'),
(9062, 'Teufen (AR)'),
(9063, 'Stein (AR)'),
(9064, 'Hundwil'),
(9100, 'Herisau'),
(9103, 'Schwellbrunn'),
(9104, 'Waldstatt'),
(9105, 'Schönengrund'),
(9107, 'Urnäsch'),
(9108, 'Gonten'),
(9112, 'Herisau'),
(9113, 'Degersheim'),
(9114, 'Neckertal'),
(9115, 'Neckertal'),
(9116, 'Degersheim'),
(9122, 'Neckertal'),
(9123, 'Neckertal'),
(9125, 'Neckertal'),
(9126, 'Oberhelfenschwil'),
(9127, 'Neckertal'),
(9200, 'Gossau (SG)'),
(9203, 'Oberbüren'),
(9204, 'Andwil (SG)'),
(9205, 'Waldkirch'),
(9212, 'Gossau (SG)'),
(9213, 'Hauptwil-Gottshaus'),
(9214, 'Kradolf-Schönenberg'),
(9215, 'Kradolf-Schönenberg'),
(9216, 'Hohentannen'),
(9217, 'Kradolf-Schönenberg'),
(9220, 'Bischofszell'),
(9223, 'Bischofszell'),
(9225, 'Hauptwil-Gottshaus'),
(9230, 'Flawil'),
(9231, 'Flawil'),
(9240, 'Oberuzwil, Uzwil'),
(9242, 'Oberuzwil'),
(9243, 'Jonschwil'),
(9244, 'Uzwil'),
(9245, 'Oberbüren'),
(9246, 'Niederbüren'),
(9247, 'Uzwil'),
(9248, 'Oberuzwil'),
(9249, 'Uzwil'),
(9300, 'Wittenbach'),
(9304, 'Waldkirch'),
(9305, 'Berg (SG)'),
(9306, 'Roggwil (TG)'),
(9308, 'Häggenschwil'),
(9312, 'Häggenschwil'),
(9313, 'Muolen'),
(9314, 'Egnach'),
(9315, 'Egnach'),
(9320, 'Arbon'),
(9322, 'Egnach'),
(9323, 'Steinach'),
(9325, 'Roggwil (TG)'),
(9326, 'Horn'),
(9327, 'Tübach'),
(9400, 'Rorschach'),
(9402, 'Mörschwil'),
(9403, 'Goldach'),
(9404, 'Rorschacherberg'),
(9405, 'Lutzenberg'),
(9410, 'Heiden'),
(9411, 'Berneck, Reute (AR)'),
(9413, 'Oberegg'),
(9422, 'Thal'),
(9423, 'Thal'),
(9424, 'Rheineck'),
(9425, 'Thal'),
(9426, 'Lutzenberg'),
(9427, 'Wolfhalden'),
(9428, 'Walzenhausen'),
(9430, 'St. Margrethen'),
(9434, 'Au (SG)'),
(9435, 'Au (SG)'),
(9436, 'Balgach'),
(9437, 'Marbach (SG)'),
(9442, 'Berneck, Oberegg'),
(9443, 'Widnau'),
(9444, 'Diepoldsau'),
(9445, 'Rebstein'),
(9450, 'Altstätten'),
(9451, 'Oberriet (SG)'),
(9452, 'Altstätten'),
(9453, 'Eichberg'),
(9462, 'Oberriet (SG)'),
(9463, 'Oberriet (SG)'),
(9464, 'Altstätten, Rüthi (SG)'),
(9465, 'Sennwald'),
(9466, 'Sennwald'),
(9467, 'Sennwald'),
(9468, 'Sennwald'),
(9469, 'Sennwald'),
(9470, 'Buchs (SG), Grabs'),
(9472, 'Grabs'),
(9473, 'Gams'),
(9475, 'Sevelen'),
(9476, 'Wartau'),
(9477, 'Wartau'),
(9478, 'Wartau'),
(9479, 'Wartau'),
(9485, 'Eschen'),
(9486, 'Mauren'),
(9487, 'Gamprin'),
(9488, 'Schellenberg'),
(9490, 'Vaduz'),
(9491, 'Ruggell'),
(9492, 'Eschen'),
(9493, 'Mauren'),
(9494, 'Schaan'),
(9495, 'Triesen'),
(9496, 'Balzers'),
(9497, 'Triesenberg'),
(9498, 'Planken'),
(9500, 'Kirchberg (SG), Wil (SG)'),
(9502, 'Braunau'),
(9503, 'Bussnang'),
(9504, 'Bussnang'),
(9506, 'Lommis'),
(9507, 'Stettfurt'),
(9508, 'Lommis'),
(9512, 'Wil (SG)'),
(9514, 'Wuppenau'),
(9515, 'Wuppenau'),
(9517, 'Bussnang'),
(9523, 'Zuzwil (SG)'),
(9524, 'Zuzwil (SG)'),
(9525, 'Niederhelfenschwil'),
(9526, 'Niederhelfenschwil'),
(9527, 'Niederhelfenschwil'),
(9532, 'Jonschwil, Rickenbach (TG)'),
(9533, 'Kirchberg (SG)'),
(9534, 'Kirchberg (SG)'),
(9535, 'Wilen (TG)'),
(9536, 'Jonschwil'),
(9542, 'Münchwilen (TG)'),
(9543, 'Münchwilen (TG)'),
(9545, 'Wängi'),
(9546, 'Wängi'),
(9547, 'Aadorf'),
(9548, 'Matzingen'),
(9552, 'Wil (SG)'),
(9553, 'Bettwiesen'),
(9554, 'Tobel-Tägerschen'),
(9555, 'Tobel-Tägerschen'),
(9556, 'Affeltrangen'),
(9562, 'Affeltrangen'),
(9565, 'Bussnang'),
(9573, 'Sirnach'),
(9601, 'Lütisburg'),
(9602, 'Kirchberg (SG)'),
(9604, 'Lütisburg, Jonschwil'),
(9606, 'Bütschwil-Ganterschwil'),
(9607, 'Mosnang'),
(9608, 'Bütschwil-Ganterschwil'),
(9612, 'Mosnang'),
(9613, 'Mosnang'),
(9614, 'Mosnang'),
(9615, 'Bütschwil-Ganterschwil'),
(9620, 'Lichtensteig'),
(9621, 'Oberhelfenschwil'),
(9622, 'Wattwil'),
(9630, 'Wattwil'),
(9631, 'Wattwil'),
(9633, 'Hemberg'),
(9642, 'Ebnat-Kappel'),
(9643, 'Nesslau'),
(9650, 'Nesslau'),
(9651, 'Nesslau'),
(9652, 'Nesslau'),
(9655, 'Nesslau'),
(9656, 'Wildhaus-Alt St. Johann'),
(9657, 'Wildhaus-Alt St. Johann'),
(9658, 'Wildhaus-Alt St. Johann'),
(9999, 'Bielersee (BE), Brienzersee, Thunersee');


-- Einfügen in die Tabelle users
INSERT INTO users (id, created_at, modified_at, birthday, email, first_name, last_name, password, address, plz, seeds_count, users_level, users_role)
VALUES ('59fd5f90-e51d-40a2-a627-78e3520cd848', current_timestamp, current_timestamp, '2000-05-23', 'test@mail.com', 'Peter', 'Meier', '$2a$10$tojqH26OSMp5hyGfomZAJelM0vbov2HWI/4L20uMh0GUqCWeq1EuS', 'Peterstrasse 34', '8640',  0, '686bb227-87b1-43e8-8665-8c2a6e22b25d', '164ca30f-9104-4e5a-b871-b4df6444708f'),
       ('64cf300e-ba61-47e5-8f32-376071b72901', current_timestamp, current_timestamp, '2000-05-23', 'test@gmail.com', 'Admin', 'Meier', '$2a$10$tojqH26OSMp5hyGfomZAJelM0vbov2HWI/4L20uMh0GUqCWeq1EuS', 'Peterstrasse 34', '8640',  0, '686bb227-87b1-43e8-8665-8c2a6e22b25d', 'f4b3b8a8-c23f-4ab3-830e-a519f478c3c3');

-- Einfügen in die Tabelle product_category
INSERT INTO product_category (category_id, product_id)
VALUES ('562ef1c8-57a3-447a-93cf-d5f03012a330', '123e4567-e89b-12d3-a456-426614174001'),
       ('f0ded9c3-d2c2-4c1c-b806-1a4947b4f759', '223e4567-e89b-12d3-a456-426614174002'),
       ('774f8953-abc4-4274-87f1-d8fa5b5edb56', '323e4567-e89b-12d3-a456-426614174003'),
       ('22674f3e-7e77-4884-b157-57a80f11e412', '423e4567-e89b-12d3-a456-426614174004'),
       ('81ede6ba-419d-4c48-90fe-8682982c8182', '523e4567-e89b-12d3-a456-426614174005'),
        ('562ef1c8-57a3-447a-93cf-d5f03012a330', '623e4567-e89b-12d3-a456-426614174006'),
        ('f0ded9c3-d2c2-4c1c-b806-1a4947b4f759', '723e4567-e89b-12d3-a456-426614174007'),
        ('774f8953-abc4-4274-87f1-d8fa5b5edb56', '823e4567-e89b-12d3-a456-426614174008'),
        ('22674f3e-7e77-4884-b157-57a80f11e412', '923e4567-e89b-12d3-a456-426614174009'),
        ('81ede6ba-419d-4c48-90fe-8682982c8182', 'a23e4567-e89b-12d3-a456-426614174010');

-- Einfügen in die Tabelle role_authority
INSERT INTO role_authority (role_id, authority_id)
VALUES ('164ca30f-9104-4e5a-b871-b4df6444708f', '779f50c3-a1f5-4d12-9643-32139c14d2ec'),
       ('164ca30f-9104-4e5a-b871-b4df6444708f', 'a661a689-f48e-46b7-b29a-48bd0823da23'),
       ('164ca30f-9104-4e5a-b871-b4df6444708f', 'fcf0114b-88af-4920-8db0-11f50d4e6c0b'),
       ('f4b3b8a8-c23f-4ab3-830e-a519f478c3c3', '779f50c3-a1f5-4d12-9643-32139c14d2ec'),
       ('f4b3b8a8-c23f-4ab3-830e-a519f478c3c3', 'a661a689-f48e-46b7-b29a-48bd0823da23'),
       ('f4b3b8a8-c23f-4ab3-830e-a519f478c3c3', 'fcf0114b-88af-4920-8db0-11f50d4e6c0b');

-- -- Einfügen in die Tabelle users_role
-- INSERT INTO users_role (users_id, role_id)
-- VALUES ('59fd5f90-e51d-40a2-a627-78e3520cd848', '164ca30f-9104-4e5a-b871-b4df6444708f'),
--        ('64cf300e-ba61-47e5-8f32-376071b72901', 'f4b3b8a8-c23f-4ab3-830e-a519f478c3c3');



